DATETIME,DEMAND_MW
2025-07-22 16:50:00+08:00,3546.2
2025-07-22 17:00:00+08:00,3507.6
2025-07-22 17:10:00+08:00,3463.5
2025-07-22 17:20:00+08:00,3464.4
2025-07-22 17:30:00+08:00,3452.6
2025-07-22 17:40:00+08:00,3446.3
2025-07-22 17:50:00+08:00,3458.9
2025-07-22 18:00:00+08:00,3440.5
2025-07-22 18:10:00+08:00,3433.8
2025-07-22 18:20:00+08:00,3431.6
2025-07-22 18:30:00+08:00,3423.1
2025-07-22 18:40:00+08:00,3429.4
2025-07-22 18:50:00+08:00,3446.4
2025-07-22 19:00:00+08:00,3445.1
2025-07-22 19:10:00+08:00,3428.9
2025-07-22 19:20:00+08:00,3420.7
2025-07-22 19:30:00+08:00,3415.6
2025-07-22 19:40:00+08:00,3409.9
2025-07-22 19:50:00+08:00,3399.4
2025-07-22 20:00:00+08:00,3395.2
2025-07-22 20:10:00+08:00,3375.4
2025-07-22 20:20:00+08:00,3367.0
2025-07-22 20:30:00+08:00,3351.2
2025-07-22 20:40:00+08:00,3334.0
2025-07-22 20:50:00+08:00,3328.1
2025-07-22 21:00:00+08:00,3308.1
2025-07-22 21:10:00+08:00,3283.9
2025-07-22 21:20:00+08:00,3283.4
2025-07-22 21:30:00+08:00,3258.4
2025-07-22 21:40:00+08:00,3250.7
2025-07-22 21:50:00+08:00,3231.5
2025-07-22 22:00:00+08:00,3219.8
2025-07-22 22:10:00+08:00,3224.4
2025-07-22 22:20:00+08:00,3207.9
2025-07-22 22:30:00+08:00,3204.4
2025-07-22 22:40:00+08:00,3178.8
2025-07-22 22:50:00+08:00,3158.1
2025-07-22 23:00:00+08:00,3127.3
2025-07-22 23:10:00+08:00,3108.9
2025-07-22 23:20:00+08:00,3066.0
2025-07-22 23:30:00+08:00,3051.2
2025-07-22 23:40:00+08:00,3027.8
2025-07-22 23:50:00+08:00,2998.9
2025-07-23 00:00:00+08:00,2964.2
2025-07-23 00:10:00+08:00,2996.5
2025-07-23 00:20:00+08:00,2980.5
2025-07-23 00:30:00+08:00,2946.1
2025-07-23 00:40:00+08:00,2932.7
2025-07-23 00:50:00+08:00,2911.0
2025-07-23 01:00:00+08:00,2909.8
2025-07-23 01:10:00+08:00,2870.9
2025-07-23 01:20:00+08:00,2851.5
2025-07-23 01:30:00+08:00,2835.3
2025-07-23 01:40:00+08:00,2818.7
2025-07-23 01:50:00+08:00,2820.7
2025-07-23 02:00:00+08:00,2798.4
2025-07-23 02:10:00+08:00,2774.2
2025-07-23 02:20:00+08:00,2768.6
2025-07-23 02:30:00+08:00,2742.1
2025-07-23 02:40:00+08:00,2750.3
2025-07-23 02:50:00+08:00,2746.2
2025-07-23 03:00:00+08:00,2721.2
2025-07-23 03:10:00+08:00,2725.0
2025-07-23 03:20:00+08:00,2702.4
2025-07-23 03:30:00+08:00,2707.0
2025-07-23 03:40:00+08:00,2702.5
2025-07-23 03:50:00+08:00,2691.6
2025-07-23 04:00:00+08:00,2667.8
2025-07-23 04:10:00+08:00,2675.5
2025-07-23 04:20:00+08:00,2663.1
2025-07-23 04:30:00+08:00,2657.8
2025-07-23 04:40:00+08:00,2649.8
2025-07-23 04:50:00+08:00,2664.5
2025-07-23 05:00:00+08:00,2672.4
2025-07-23 05:10:00+08:00,2654.6
2025-07-23 05:20:00+08:00,2645.2
2025-07-23 05:30:00+08:00,2654.3
2025-07-23 05:40:00+08:00,2656.0
2025-07-23 05:50:00+08:00,2639.9
2025-07-23 06:00:00+08:00,2647.3
2025-07-23 06:10:00+08:00,2663.1
2025-07-23 06:20:00+08:00,2684.2
2025-07-23 06:30:00+08:00,2684.4
2025-07-23 06:40:00+08:00,2720.4
2025-07-23 06:50:00+08:00,2728.0
2025-07-23 07:00:00+08:00,2740.1
2025-07-23 07:10:00+08:00,2819.7
2025-07-23 07:20:00+08:00,2823.9
2025-07-23 07:30:00+08:00,2871.7
2025-07-23 07:40:00+08:00,2935.3
2025-07-23 07:50:00+08:00,2991.4
2025-07-23 08:00:00+08:00,3117.9
2025-07-23 08:10:00+08:00,3246.6
2025-07-23 08:20:00+08:00,3310.4
2025-07-23 08:30:00+08:00,3375.0
2025-07-23 08:40:00+08:00,3422.1
2025-07-23 08:50:00+08:00,3457.0
2025-07-23 09:00:00+08:00,3491.7
2025-07-23 09:10:00+08:00,3518.9
2025-07-23 09:20:00+08:00,3549.4
2025-07-23 09:30:00+08:00,3544.5
2025-07-23 09:40:00+08:00,3576.9
2025-07-23 09:50:00+08:00,3603.5
2025-07-23 10:00:00+08:00,3612.4
2025-07-23 10:10:00+08:00,3633.2
2025-07-23 10:20:00+08:00,3643.7
2025-07-23 10:30:00+08:00,3667.9
2025-07-23 10:40:00+08:00,3673.4
2025-07-23 10:50:00+08:00,3708.4
2025-07-23 11:00:00+08:00,3729.6
2025-07-23 11:10:00+08:00,3751.8
2025-07-23 11:20:00+08:00,3756.8
2025-07-23 11:30:00+08:00,3789.2
2025-07-23 11:40:00+08:00,3782.4
2025-07-23 11:50:00+08:00,3795.4
2025-07-23 12:00:00+08:00,3718.8
2025-07-23 12:10:00+08:00,3671.7
2025-07-23 12:20:00+08:00,3638.5
2025-07-23 12:30:00+08:00,3659.9
2025-07-23 12:40:00+08:00,3664.0
2025-07-23 12:50:00+08:00,3659.7
2025-07-23 13:00:00+08:00,3708.6
2025-07-23 13:10:00+08:00,3795.5
2025-07-23 13:20:00+08:00,3821.2
2025-07-23 13:30:00+08:00,3825.0
2025-07-23 13:40:00+08:00,3828.6
2025-07-23 13:50:00+08:00,3829.9
2025-07-23 14:00:00+08:00,3854.3
2025-07-23 14:10:00+08:00,3855.4
2025-07-23 14:20:00+08:00,3859.7
2025-07-23 14:30:00+08:00,3840.1
2025-07-23 14:40:00+08:00,3842.8
2025-07-23 14:50:00+08:00,3856.3
2025-07-23 15:00:00+08:00,3850.3
2025-07-23 15:10:00+08:00,3834.9
2025-07-23 15:20:00+08:00,3828.9
2025-07-23 15:30:00+08:00,3831.9
2025-07-23 15:40:00+08:00,3821.9
2025-07-23 15:50:00+08:00,3823.9
2025-07-23 16:00:00+08:00,3800.2
2025-07-23 16:10:00+08:00,3800.2
2025-07-23 16:20:00+08:00,3789.4
2025-07-23 16:30:00+08:00,3774.8
2025-07-23 16:40:00+08:00,3764.0
2025-07-23 16:50:00+08:00,3714.2
2025-07-23 17:00:00+08:00,3657.1
2025-07-23 17:10:00+08:00,3610.5
2025-07-23 17:20:00+08:00,3595.0
2025-07-23 17:30:00+08:00,3591.0
2025-07-23 17:40:00+08:00,3577.9
2025-07-23 17:50:00+08:00,3574.7
2025-07-23 18:00:00+08:00,3566.7
2025-07-23 18:10:00+08:00,3544.7
2025-07-23 18:20:00+08:00,3544.8
2025-07-23 18:30:00+08:00,3534.7
2025-07-23 18:40:00+08:00,3527.0
2025-07-23 18:50:00+08:00,3534.6
2025-07-23 19:00:00+08:00,3533.8
2025-07-23 19:10:00+08:00,3529.3
2025-07-23 19:20:00+08:00,3513.8
2025-07-23 19:30:00+08:00,3512.3
2025-07-23 19:40:00+08:00,3509.7
2025-07-23 19:50:00+08:00,3492.7
2025-07-23 20:00:00+08:00,3494.8
2025-07-23 20:10:00+08:00,3474.5
2025-07-23 20:20:00+08:00,3469.0
2025-07-23 20:30:00+08:00,3451.2
2025-07-23 20:40:00+08:00,3437.4
2025-07-23 20:50:00+08:00,3430.6
2025-07-23 21:00:00+08:00,3420.7
2025-07-23 21:10:00+08:00,3398.9
2025-07-23 21:20:00+08:00,3381.7
2025-07-23 21:30:00+08:00,3377.8
2025-07-23 21:40:00+08:00,3367.3
2025-07-23 21:50:00+08:00,3363.4
2025-07-23 22:00:00+08:00,3352.9
2025-07-23 22:10:00+08:00,3364.5
2025-07-23 22:20:00+08:00,3334.7
2025-07-23 22:30:00+08:00,3320.1
2025-07-23 22:40:00+08:00,3300.6
2025-07-23 22:50:00+08:00,3257.5
2025-07-23 23:00:00+08:00,3258.4
2025-07-23 23:10:00+08:00,3210.2
2025-07-23 23:20:00+08:00,3209.0
2025-07-23 23:30:00+08:00,3172.0
2025-07-23 23:40:00+08:00,3133.1
2025-07-23 23:50:00+08:00,3125.9
2025-07-24 00:00:00+08:00,3094.1
2025-07-24 00:10:00+08:00,3099.9
2025-07-24 00:20:00+08:00,3068.4
2025-07-24 00:30:00+08:00,3055.0
2025-07-24 00:40:00+08:00,3045.5
2025-07-24 00:50:00+08:00,3006.7
2025-07-24 01:00:00+08:00,2986.5
2025-07-24 01:10:00+08:00,2977.5
2025-07-24 01:20:00+08:00,2967.5
2025-07-24 01:30:00+08:00,2933.7
2025-07-24 01:40:00+08:00,2900.2
2025-07-24 01:50:00+08:00,2907.8
2025-07-24 02:00:00+08:00,2890.7
2025-07-24 02:10:00+08:00,2890.2
2025-07-24 02:20:00+08:00,2856.8
2025-07-24 02:30:00+08:00,2856.2
2025-07-24 02:40:00+08:00,2847.7
2025-07-24 02:50:00+08:00,2812.8
2025-07-24 03:00:00+08:00,2831.9
2025-07-24 03:10:00+08:00,2802.8
2025-07-24 03:20:00+08:00,2805.0
2025-07-24 03:30:00+08:00,2781.9
2025-07-24 03:40:00+08:00,2769.4
2025-07-24 03:50:00+08:00,2763.0
2025-07-24 04:00:00+08:00,2757.1
2025-07-24 04:10:00+08:00,2782.0
2025-07-24 04:20:00+08:00,2742.8
2025-07-24 04:30:00+08:00,2739.3
2025-07-24 04:40:00+08:00,2751.2
2025-07-24 04:50:00+08:00,2740.2
2025-07-24 05:00:00+08:00,2736.1
2025-07-24 05:10:00+08:00,2741.4
2025-07-24 05:20:00+08:00,2732.8
2025-07-24 05:30:00+08:00,2715.4
2025-07-24 05:40:00+08:00,2732.1
2025-07-24 05:50:00+08:00,2739.2
2025-07-24 06:00:00+08:00,2721.4
2025-07-24 06:10:00+08:00,2745.9
2025-07-24 06:20:00+08:00,2733.4
2025-07-24 06:30:00+08:00,2768.5
2025-07-24 06:40:00+08:00,2789.4
2025-07-24 06:50:00+08:00,2797.6
2025-07-24 07:00:00+08:00,2822.2
2025-07-24 07:10:00+08:00,2871.4
2025-07-24 07:20:00+08:00,2915.5
2025-07-24 07:30:00+08:00,2936.6
2025-07-24 07:40:00+08:00,2999.1
2025-07-24 07:50:00+08:00,3059.0
2025-07-24 08:00:00+08:00,3174.1
2025-07-24 08:10:00+08:00,3319.7
2025-07-24 08:20:00+08:00,3377.6
2025-07-24 08:30:00+08:00,3430.9
2025-07-24 08:40:00+08:00,3475.5
2025-07-24 08:50:00+08:00,3488.7
2025-07-24 09:00:00+08:00,3510.5
2025-07-24 09:10:00+08:00,3536.8
2025-07-24 09:20:00+08:00,3571.0
2025-07-24 09:30:00+08:00,3604.1
2025-07-24 09:40:00+08:00,3615.6
2025-07-24 09:50:00+08:00,3617.9
2025-07-24 10:00:00+08:00,3622.5
2025-07-24 10:10:00+08:00,3640.6
2025-07-24 10:20:00+08:00,3674.8
2025-07-24 10:30:00+08:00,3687.8
2025-07-24 10:40:00+08:00,3707.7
2025-07-24 10:50:00+08:00,3743.8
2025-07-24 11:00:00+08:00,3752.7
2025-07-24 11:10:00+08:00,3765.4
2025-07-24 11:20:00+08:00,3765.3
2025-07-24 11:30:00+08:00,3782.1
2025-07-24 11:40:00+08:00,3802.7
2025-07-24 11:50:00+08:00,3797.6
2025-07-24 12:00:00+08:00,3720.8
2025-07-24 12:10:00+08:00,3692.0
2025-07-24 12:20:00+08:00,3668.6
2025-07-24 12:30:00+08:00,3674.6
2025-07-24 12:40:00+08:00,3664.9
2025-07-24 12:50:00+08:00,3676.6
2025-07-24 13:00:00+08:00,3721.3
2025-07-24 13:10:00+08:00,3808.4
2025-07-24 13:20:00+08:00,3828.4
2025-07-24 13:30:00+08:00,3843.0
2025-07-24 13:40:00+08:00,3852.9
2025-07-24 13:50:00+08:00,3861.5
2025-07-24 14:00:00+08:00,3859.8
2025-07-24 14:10:00+08:00,3850.8
2025-07-24 14:20:00+08:00,3862.9
2025-07-24 14:30:00+08:00,3842.1
2025-07-24 14:40:00+08:00,3856.8
2025-07-24 14:50:00+08:00,3821.5
2025-07-24 15:00:00+08:00,3832.1
2025-07-24 15:10:00+08:00,3839.4
2025-07-24 15:20:00+08:00,3802.8
2025-07-24 15:30:00+08:00,3779.4
2025-07-24 15:40:00+08:00,3800.4
2025-07-24 15:50:00+08:00,3795.8
2025-07-24 16:00:00+08:00,3756.6
2025-07-24 16:10:00+08:00,3738.3
2025-07-24 16:20:00+08:00,3713.1
2025-07-24 16:30:00+08:00,3700.9
2025-07-24 16:40:00+08:00,3689.3
2025-07-24 16:50:00+08:00,3680.6
2025-07-24 17:00:00+08:00,3610.9
2025-07-24 17:10:00+08:00,3560.5
2025-07-24 17:20:00+08:00,3558.6
2025-07-24 17:30:00+08:00,3543.4
2025-07-24 17:40:00+08:00,3536.7
2025-07-24 17:50:00+08:00,3530.8
2025-07-24 18:00:00+08:00,3521.6
2025-07-24 18:10:00+08:00,3506.9
2025-07-24 18:20:00+08:00,3508.6
2025-07-24 18:30:00+08:00,3514.6
2025-07-24 18:40:00+08:00,3512.7
2025-07-24 18:50:00+08:00,3516.1
2025-07-24 19:00:00+08:00,3507.7
2025-07-24 19:10:00+08:00,3506.6
2025-07-24 19:20:00+08:00,3496.7
2025-07-24 19:30:00+08:00,3480.1
2025-07-24 19:40:00+08:00,3467.7
2025-07-24 19:50:00+08:00,3465.6
2025-07-24 20:00:00+08:00,3449.9
2025-07-24 20:10:00+08:00,3434.7
2025-07-24 20:20:00+08:00,3427.1
2025-07-24 20:30:00+08:00,3410.5
2025-07-24 20:40:00+08:00,3400.7
2025-07-24 20:50:00+08:00,3386.7
2025-07-24 21:00:00+08:00,3373.6
2025-07-24 21:10:00+08:00,3356.9
2025-07-24 21:20:00+08:00,3335.0
2025-07-24 21:30:00+08:00,3335.5
2025-07-24 21:40:00+08:00,3331.5
2025-07-24 21:50:00+08:00,3321.9
2025-07-24 22:00:00+08:00,3302.3
2025-07-24 22:10:00+08:00,3300.5
2025-07-24 22:20:00+08:00,3294.7
2025-07-24 22:30:00+08:00,3283.5
2025-07-24 22:40:00+08:00,3267.5
2025-07-24 22:50:00+08:00,3238.7
2025-07-24 23:00:00+08:00,3205.8
2025-07-24 23:10:00+08:00,3194.1
2025-07-24 23:20:00+08:00,3164.7
2025-07-24 23:30:00+08:00,3146.9
2025-07-24 23:40:00+08:00,3104.3
2025-07-24 23:50:00+08:00,3084.9
2025-07-25 00:00:00+08:00,3052.4
2025-07-25 00:10:00+08:00,3076.5
2025-07-25 00:20:00+08:00,3057.2
2025-07-25 00:30:00+08:00,3036.3
2025-07-25 00:40:00+08:00,3013.1
2025-07-25 00:50:00+08:00,3000.6
2025-07-25 01:00:00+08:00,2976.4
2025-07-25 01:10:00+08:00,2960.3
2025-07-25 01:20:00+08:00,2949.8
2025-07-25 01:30:00+08:00,2919.1
2025-07-25 01:40:00+08:00,2911.4
2025-07-25 01:50:00+08:00,2876.1
2025-07-25 02:00:00+08:00,2875.2
2025-07-25 02:10:00+08:00,2866.1
2025-07-25 02:20:00+08:00,2853.5
2025-07-25 02:30:00+08:00,2836.4
2025-07-25 02:40:00+08:00,2817.2
2025-07-25 02:50:00+08:00,2805.5
2025-07-25 03:00:00+08:00,2797.7
2025-07-25 03:10:00+08:00,2781.2
2025-07-25 03:20:00+08:00,2784.7
2025-07-25 03:30:00+08:00,2757.6
2025-07-25 03:40:00+08:00,2777.6
2025-07-25 03:50:00+08:00,2749.2
2025-07-25 04:00:00+08:00,2745.2
2025-07-25 04:10:00+08:00,2745.4
2025-07-25 04:20:00+08:00,2737.8
2025-07-25 04:30:00+08:00,2754.0
2025-07-25 04:40:00+08:00,2741.1
2025-07-25 04:50:00+08:00,2740.6
2025-07-25 05:00:00+08:00,2732.8
2025-07-25 05:10:00+08:00,2724.0
2025-07-25 05:20:00+08:00,2717.6
2025-07-25 05:30:00+08:00,2721.6
2025-07-25 05:40:00+08:00,2714.7
2025-07-25 05:50:00+08:00,2732.7
2025-07-25 06:00:00+08:00,2715.8
2025-07-25 06:10:00+08:00,2736.0
2025-07-25 06:20:00+08:00,2750.7
2025-07-25 06:30:00+08:00,2753.7
2025-07-25 06:40:00+08:00,2766.9
2025-07-25 06:50:00+08:00,2782.8
2025-07-25 07:00:00+08:00,2808.6
2025-07-25 07:10:00+08:00,2839.0
2025-07-25 07:20:00+08:00,2864.4
2025-07-25 07:30:00+08:00,2874.6
2025-07-25 07:40:00+08:00,2975.8
2025-07-25 07:50:00+08:00,3032.7
2025-07-25 08:00:00+08:00,3126.3
2025-07-25 08:10:00+08:00,3259.5
2025-07-25 08:20:00+08:00,3315.0
2025-07-25 08:30:00+08:00,3332.6
2025-07-25 08:40:00+08:00,3392.6
2025-07-25 08:50:00+08:00,3440.3
2025-07-25 09:00:00+08:00,3471.3
2025-07-25 09:10:00+08:00,3487.7
2025-07-25 09:20:00+08:00,3520.9
2025-07-25 09:30:00+08:00,3526.2
2025-07-25 09:40:00+08:00,3547.6
2025-07-25 09:50:00+08:00,3540.4
2025-07-25 10:00:00+08:00,3589.7
2025-07-25 10:10:00+08:00,3575.6
2025-07-25 10:20:00+08:00,3649.2
2025-07-25 10:30:00+08:00,3622.2
2025-07-25 10:40:00+08:00,3639.5
2025-07-25 10:50:00+08:00,3673.4
2025-07-25 11:00:00+08:00,3631.4
2025-07-25 11:10:00+08:00,3692.5
2025-07-25 11:20:00+08:00,3679.6
2025-07-25 11:30:00+08:00,3713.9
2025-07-25 11:40:00+08:00,3700.5
2025-07-25 11:50:00+08:00,3687.0
2025-07-25 12:00:00+08:00,3650.0
2025-07-25 12:10:00+08:00,3579.0
2025-07-25 12:20:00+08:00,3594.2
2025-07-25 12:30:00+08:00,3599.0
2025-07-25 12:40:00+08:00,3600.7
2025-07-25 12:50:00+08:00,3601.5
2025-07-25 13:00:00+08:00,3654.0
2025-07-25 13:10:00+08:00,3705.8
2025-07-25 13:20:00+08:00,3688.0
2025-07-25 13:30:00+08:00,3724.7
2025-07-25 13:40:00+08:00,3742.0
2025-07-25 13:50:00+08:00,3736.8
2025-07-25 14:00:00+08:00,3742.5
2025-07-25 14:10:00+08:00,3737.0
2025-07-25 14:20:00+08:00,3729.3
2025-07-25 14:30:00+08:00,3712.3
2025-07-25 14:40:00+08:00,3720.5
2025-07-25 14:50:00+08:00,3710.5
2025-07-25 15:00:00+08:00,3683.3
2025-07-25 15:10:00+08:00,3683.2
2025-07-25 15:20:00+08:00,3681.4
2025-07-25 15:30:00+08:00,3639.2
2025-07-25 15:40:00+08:00,3645.9
2025-07-25 15:50:00+08:00,3616.4
2025-07-25 16:00:00+08:00,3612.5
2025-07-25 16:10:00+08:00,3590.5
2025-07-25 16:20:00+08:00,3579.3
2025-07-25 16:30:00+08:00,3567.7
2025-07-25 16:40:00+08:00,3550.0
2025-07-25 16:50:00+08:00,3529.9
2025-07-25 17:00:00+08:00,3482.6
2025-07-25 17:10:00+08:00,3415.6
2025-07-25 17:20:00+08:00,3406.7
2025-07-25 17:30:00+08:00,3403.4
2025-07-25 17:40:00+08:00,3390.1
2025-07-25 17:50:00+08:00,3381.3
2025-07-25 18:00:00+08:00,3383.5
2025-07-25 18:10:00+08:00,3370.9
2025-07-25 18:20:00+08:00,3359.1
2025-07-25 18:30:00+08:00,3403.8
2025-07-25 18:40:00+08:00,3404.2
2025-07-25 18:50:00+08:00,3414.0
2025-07-25 19:00:00+08:00,3412.9
2025-07-25 19:10:00+08:00,3400.6
2025-07-25 19:20:00+08:00,3391.2
2025-07-25 19:30:00+08:00,3382.6
2025-07-25 19:40:00+08:00,3371.3
2025-07-25 19:50:00+08:00,3363.4
2025-07-25 20:00:00+08:00,3358.4
2025-07-25 20:10:00+08:00,3340.9
2025-07-25 20:20:00+08:00,3327.4
2025-07-25 20:30:00+08:00,3326.1
2025-07-25 20:40:00+08:00,3317.3
2025-07-25 20:50:00+08:00,3301.2
2025-07-25 21:00:00+08:00,3287.4
2025-07-25 21:10:00+08:00,3276.2
2025-07-25 21:20:00+08:00,3268.9
2025-07-25 21:30:00+08:00,3262.1
2025-07-25 21:40:00+08:00,3254.6
2025-07-25 21:50:00+08:00,3253.1
2025-07-25 22:00:00+08:00,3226.7
2025-07-25 22:10:00+08:00,3251.3
2025-07-25 22:20:00+08:00,3250.7
2025-07-25 22:30:00+08:00,3248.5
2025-07-25 22:40:00+08:00,3222.0
2025-07-25 22:50:00+08:00,3197.7
2025-07-25 23:00:00+08:00,3156.2
2025-07-25 23:10:00+08:00,3148.7
2025-07-25 23:20:00+08:00,3120.2
2025-07-25 23:30:00+08:00,3098.9
2025-07-25 23:40:00+08:00,3084.2
2025-07-25 23:50:00+08:00,3043.5
2025-07-26 00:00:00+08:00,3008.5
2025-07-26 00:10:00+08:00,3046.6
2025-07-26 00:20:00+08:00,3021.2
2025-07-26 00:30:00+08:00,2994.6
2025-07-26 00:40:00+08:00,3011.4
2025-07-26 00:50:00+08:00,2978.7
2025-07-26 01:00:00+08:00,2945.8
2025-07-26 01:10:00+08:00,2958.7
2025-07-26 01:20:00+08:00,2908.2
2025-07-26 01:30:00+08:00,2889.9
2025-07-26 01:40:00+08:00,2875.0
2025-07-26 01:50:00+08:00,2854.8
2025-07-26 02:00:00+08:00,2849.4
2025-07-26 02:10:00+08:00,2813.8
2025-07-26 02:20:00+08:00,2832.6
2025-07-26 02:30:00+08:00,2808.8
2025-07-26 02:40:00+08:00,2805.3
2025-07-26 02:50:00+08:00,2752.0
2025-07-26 03:00:00+08:00,2779.1
2025-07-26 03:10:00+08:00,2764.7
2025-07-26 03:20:00+08:00,2734.8
2025-07-26 03:30:00+08:00,2746.1
2025-07-26 03:40:00+08:00,2718.9
2025-07-26 03:50:00+08:00,2740.1
2025-07-26 04:00:00+08:00,2714.1
2025-07-26 04:10:00+08:00,2703.9
2025-07-26 04:20:00+08:00,2711.5
2025-07-26 04:30:00+08:00,2703.5
2025-07-26 04:40:00+08:00,2681.1
2025-07-26 04:50:00+08:00,2685.1
2025-07-26 05:00:00+08:00,2679.3
2025-07-26 05:10:00+08:00,2692.7
2025-07-26 05:20:00+08:00,2652.1
2025-07-26 05:30:00+08:00,2670.6
2025-07-26 05:40:00+08:00,2682.8
2025-07-26 05:50:00+08:00,2656.8
2025-07-26 06:00:00+08:00,2668.8
2025-07-26 06:10:00+08:00,2674.9
2025-07-26 06:20:00+08:00,2666.3
2025-07-26 06:30:00+08:00,2662.7
2025-07-26 06:40:00+08:00,2692.2
2025-07-26 06:50:00+08:00,2659.0
2025-07-26 07:00:00+08:00,2685.9
2025-07-26 07:10:00+08:00,2699.0
2025-07-26 07:20:00+08:00,2712.7
2025-07-26 07:30:00+08:00,2722.1
2025-07-26 07:40:00+08:00,2746.1
2025-07-26 07:50:00+08:00,2742.6
2025-07-26 08:00:00+08:00,2780.8
2025-07-26 08:10:00+08:00,2828.8
2025-07-26 08:20:00+08:00,2841.1
2025-07-26 08:30:00+08:00,2874.5
2025-07-26 08:40:00+08:00,2883.3
2025-07-26 08:50:00+08:00,2890.8
2025-07-26 09:00:00+08:00,2956.3
2025-07-26 09:10:00+08:00,2980.8
2025-07-26 09:20:00+08:00,2998.0
2025-07-26 09:30:00+08:00,3004.6
2025-07-26 09:40:00+08:00,3019.8
2025-07-26 09:50:00+08:00,3027.9
2025-07-26 10:00:00+08:00,3051.2
2025-07-26 10:10:00+08:00,3088.6
2025-07-26 10:20:00+08:00,3085.8
2025-07-26 10:30:00+08:00,3096.9
2025-07-26 10:40:00+08:00,3141.6
2025-07-26 10:50:00+08:00,3121.1
2025-07-26 11:00:00+08:00,3147.9
2025-07-26 11:10:00+08:00,3184.5
2025-07-26 11:20:00+08:00,3175.1
2025-07-26 11:30:00+08:00,3158.3
2025-07-26 11:40:00+08:00,3175.7
2025-07-26 11:50:00+08:00,3163.3
2025-07-26 12:00:00+08:00,3164.8
2025-07-26 12:10:00+08:00,3180.8
2025-07-26 12:20:00+08:00,3169.3
2025-07-26 12:30:00+08:00,3148.3
2025-07-26 12:40:00+08:00,3198.7
2025-07-26 12:50:00+08:00,3199.8
2025-07-26 13:00:00+08:00,3206.2
2025-07-26 13:10:00+08:00,3225.4
2025-07-26 13:20:00+08:00,3239.4
2025-07-26 13:30:00+08:00,3254.9
2025-07-26 13:40:00+08:00,3299.6
2025-07-26 13:50:00+08:00,3258.9
2025-07-26 14:00:00+08:00,3253.6
2025-07-26 14:10:00+08:00,3269.5
2025-07-26 14:20:00+08:00,3270.2
2025-07-26 14:30:00+08:00,3241.5
2025-07-26 14:40:00+08:00,3259.5
2025-07-26 14:50:00+08:00,3234.8
2025-07-26 15:00:00+08:00,3263.0
2025-07-26 15:10:00+08:00,3263.1
2025-07-26 15:20:00+08:00,3262.8
2025-07-26 15:30:00+08:00,3285.0
2025-07-26 15:40:00+08:00,3259.5
2025-07-26 15:50:00+08:00,3270.0
2025-07-26 16:00:00+08:00,3307.6
2025-07-26 16:10:00+08:00,3276.8
2025-07-26 16:20:00+08:00,3272.3
2025-07-26 16:30:00+08:00,3233.7
2025-07-26 16:40:00+08:00,3243.9
2025-07-26 16:50:00+08:00,3248.7
2025-07-26 17:00:00+08:00,3247.6
2025-07-26 17:10:00+08:00,3253.7
2025-07-26 17:20:00+08:00,3254.5
2025-07-26 17:30:00+08:00,3222.8
2025-07-26 17:40:00+08:00,3235.2
2025-07-26 17:50:00+08:00,3225.3
2025-07-26 18:00:00+08:00,3246.0
2025-07-26 18:10:00+08:00,3250.0
2025-07-26 18:20:00+08:00,3229.0
2025-07-26 18:30:00+08:00,3235.2
2025-07-26 18:40:00+08:00,3261.1
2025-07-26 18:50:00+08:00,3261.7
2025-07-26 19:00:00+08:00,3285.8
2025-07-26 19:10:00+08:00,3287.5
2025-07-26 19:20:00+08:00,3259.0
2025-07-26 19:30:00+08:00,3290.5
2025-07-26 19:40:00+08:00,3261.9
2025-07-26 19:50:00+08:00,3272.3
2025-07-26 20:00:00+08:00,3246.1
2025-07-26 20:10:00+08:00,3241.9
2025-07-26 20:20:00+08:00,3255.0
2025-07-26 20:30:00+08:00,3242.3
2025-07-26 20:40:00+08:00,3221.5
2025-07-26 20:50:00+08:00,3240.0
2025-07-26 21:00:00+08:00,3216.9
2025-07-26 21:10:00+08:00,3217.8
2025-07-26 21:20:00+08:00,3231.3
2025-07-26 21:30:00+08:00,3235.0
2025-07-26 21:40:00+08:00,3234.8
2025-07-26 21:50:00+08:00,3204.4
2025-07-26 22:00:00+08:00,3202.4
2025-07-26 22:10:00+08:00,3170.8
2025-07-26 22:20:00+08:00,3161.2
2025-07-26 22:30:00+08:00,3137.4
2025-07-26 22:40:00+08:00,3126.4
2025-07-26 22:50:00+08:00,3119.1
2025-07-26 23:00:00+08:00,3107.0
2025-07-26 23:10:00+08:00,3047.1
2025-07-26 23:20:00+08:00,3035.2
2025-07-26 23:30:00+08:00,3030.5
2025-07-26 23:40:00+08:00,3013.6
2025-07-26 23:50:00+08:00,2981.1
2025-07-27 00:00:00+08:00,2970.5
2025-07-27 00:10:00+08:00,2938.1
2025-07-27 00:20:00+08:00,2936.1
2025-07-27 00:30:00+08:00,2911.1
2025-07-27 00:40:00+08:00,2900.5
2025-07-27 00:50:00+08:00,2893.0
2025-07-27 01:00:00+08:00,2875.1
2025-07-27 01:10:00+08:00,2858.0
2025-07-27 01:20:00+08:00,2822.9
2025-07-27 01:30:00+08:00,2807.1
2025-07-27 01:40:00+08:00,2795.2
2025-07-27 01:50:00+08:00,2781.0
2025-07-27 02:00:00+08:00,2755.6
2025-07-27 02:10:00+08:00,2762.4
2025-07-27 02:20:00+08:00,2735.4
2025-07-27 02:30:00+08:00,2739.3
2025-07-27 02:40:00+08:00,2716.7
2025-07-27 02:50:00+08:00,2702.5
2025-07-27 03:00:00+08:00,2686.1
2025-07-27 03:10:00+08:00,2700.6
2025-07-27 03:20:00+08:00,2666.6
2025-07-27 03:30:00+08:00,2658.5
2025-07-27 03:40:00+08:00,2662.2
2025-07-27 03:50:00+08:00,2647.3
2025-07-27 04:00:00+08:00,2631.5
2025-07-27 04:10:00+08:00,2629.7
2025-07-27 04:20:00+08:00,2623.8
2025-07-27 04:30:00+08:00,2624.3
2025-07-27 04:40:00+08:00,2622.3
2025-07-27 04:50:00+08:00,2625.5
2025-07-27 05:00:00+08:00,2603.4
2025-07-27 05:10:00+08:00,2599.9
2025-07-27 05:20:00+08:00,2608.1
2025-07-27 05:30:00+08:00,2582.8
2025-07-27 05:40:00+08:00,2589.6
2025-07-27 05:50:00+08:00,2564.2
2025-07-27 06:00:00+08:00,2566.9
2025-07-27 06:10:00+08:00,2576.3
2025-07-27 06:20:00+08:00,2557.7
2025-07-27 06:30:00+08:00,2547.1
2025-07-27 06:40:00+08:00,2577.7
2025-07-27 06:50:00+08:00,2560.6
2025-07-27 07:00:00+08:00,2586.9
2025-07-27 07:10:00+08:00,2587.6
2025-07-27 07:20:00+08:00,2592.0
2025-07-27 07:30:00+08:00,2598.7
2025-07-27 07:40:00+08:00,2610.3
2025-07-27 07:50:00+08:00,2642.6
2025-07-27 08:00:00+08:00,2629.8
2025-07-27 08:10:00+08:00,2662.8
2025-07-27 08:20:00+08:00,2712.2
2025-07-27 08:30:00+08:00,2747.9
2025-07-27 08:40:00+08:00,2768.0
2025-07-27 08:50:00+08:00,2802.7
2025-07-27 09:00:00+08:00,2825.7
2025-07-27 09:10:00+08:00,2863.0
2025-07-27 09:20:00+08:00,2858.2
2025-07-27 09:30:00+08:00,2861.9
2025-07-27 09:40:00+08:00,2864.8
2025-07-27 09:50:00+08:00,2934.1
2025-07-27 10:00:00+08:00,2951.9
2025-07-27 10:10:00+08:00,2956.7
2025-07-27 10:20:00+08:00,2967.3
2025-07-27 10:30:00+08:00,2979.5
2025-07-27 10:40:00+08:00,2979.0
2025-07-27 10:50:00+08:00,3027.7
2025-07-27 11:00:00+08:00,3061.7
2025-07-27 11:10:00+08:00,3032.6
2025-07-27 11:20:00+08:00,3029.7
2025-07-27 11:30:00+08:00,3039.6
2025-07-27 11:40:00+08:00,3072.4
2025-07-27 11:50:00+08:00,3084.9
2025-07-27 12:00:00+08:00,3079.8
2025-07-27 12:10:00+08:00,3066.5
2025-07-27 12:20:00+08:00,3076.8
2025-07-27 12:30:00+08:00,3079.6
2025-07-27 12:40:00+08:00,3108.5
2025-07-27 12:50:00+08:00,3134.3
2025-07-27 13:00:00+08:00,3108.1
2025-07-27 13:10:00+08:00,3117.4
2025-07-27 13:20:00+08:00,3099.7
2025-07-27 13:30:00+08:00,3139.8
2025-07-27 13:40:00+08:00,3116.5
2025-07-27 13:50:00+08:00,3137.7
2025-07-27 14:00:00+08:00,3127.2
2025-07-27 14:10:00+08:00,3148.2
2025-07-27 14:20:00+08:00,3129.2
2025-07-27 14:30:00+08:00,3126.5
2025-07-27 14:40:00+08:00,3134.1
2025-07-27 14:50:00+08:00,3122.2
2025-07-27 15:00:00+08:00,3117.0
2025-07-27 15:10:00+08:00,3107.2
2025-07-27 15:20:00+08:00,3119.9
2025-07-27 15:30:00+08:00,3108.7
2025-07-27 15:40:00+08:00,3135.2
2025-07-27 15:50:00+08:00,3150.2
2025-07-27 16:00:00+08:00,3133.3
2025-07-27 16:10:00+08:00,3162.4
2025-07-27 16:20:00+08:00,3134.8
2025-07-27 16:30:00+08:00,3148.0
2025-07-27 16:40:00+08:00,3114.6
2025-07-27 16:50:00+08:00,3145.1
2025-07-27 17:00:00+08:00,3157.3
2025-07-27 17:10:00+08:00,3147.9
2025-07-27 17:20:00+08:00,3148.5
2025-07-27 17:30:00+08:00,3167.0
2025-07-27 17:40:00+08:00,3166.4
2025-07-27 17:50:00+08:00,3182.8
2025-07-27 18:00:00+08:00,3185.8
2025-07-27 18:10:00+08:00,3199.1
2025-07-27 18:20:00+08:00,3186.1
2025-07-27 18:30:00+08:00,3171.3
2025-07-27 18:40:00+08:00,3204.6
2025-07-27 18:50:00+08:00,3222.4
2025-07-27 19:00:00+08:00,3241.2
2025-07-27 19:10:00+08:00,3232.6
2025-07-27 19:20:00+08:00,3253.5
2025-07-27 19:30:00+08:00,3249.5
2025-07-27 19:40:00+08:00,3246.1
2025-07-27 19:50:00+08:00,3232.0
2025-07-27 20:00:00+08:00,3236.9
2025-07-27 20:10:00+08:00,3245.5
2025-07-27 20:20:00+08:00,3213.9
2025-07-27 20:30:00+08:00,3232.0
2025-07-27 20:40:00+08:00,3209.8
2025-07-27 20:50:00+08:00,3255.3
2025-07-27 21:00:00+08:00,3250.4
2025-07-27 21:10:00+08:00,3224.5
2025-07-27 21:20:00+08:00,3232.8
2025-07-27 21:30:00+08:00,3219.9
2025-07-27 21:40:00+08:00,3183.1
2025-07-27 21:50:00+08:00,3181.6
2025-07-27 22:00:00+08:00,3168.4
2025-07-27 22:10:00+08:00,3157.1
2025-07-27 22:20:00+08:00,3111.4
2025-07-27 22:30:00+08:00,3098.9
2025-07-27 22:40:00+08:00,3070.7
2025-07-27 22:50:00+08:00,3066.6
2025-07-27 23:00:00+08:00,3027.5
2025-07-27 23:10:00+08:00,3005.7
2025-07-27 23:20:00+08:00,2976.8
2025-07-27 23:30:00+08:00,2959.6
2025-07-27 23:40:00+08:00,2921.7
2025-07-27 23:50:00+08:00,2909.7
2025-07-28 00:00:00+08:00,2870.6
2025-07-28 00:10:00+08:00,2845.8
2025-07-28 00:20:00+08:00,2839.5
2025-07-28 00:30:00+08:00,2802.3
2025-07-28 00:40:00+08:00,2811.9
2025-07-28 00:50:00+08:00,2780.4
2025-07-28 01:00:00+08:00,2780.5
2025-07-28 01:10:00+08:00,2740.8
2025-07-28 01:20:00+08:00,2735.1
2025-07-28 01:30:00+08:00,2715.9
2025-07-28 01:40:00+08:00,2701.8
2025-07-28 01:50:00+08:00,2696.8
2025-07-28 02:00:00+08:00,2656.6
2025-07-28 02:10:00+08:00,2646.0
2025-07-28 02:20:00+08:00,2638.7
2025-07-28 02:30:00+08:00,2608.9
2025-07-28 02:40:00+08:00,2597.6
2025-07-28 02:50:00+08:00,2598.1
2025-07-28 03:00:00+08:00,2585.7
2025-07-28 03:10:00+08:00,2599.5
2025-07-28 03:20:00+08:00,2578.6
2025-07-28 03:30:00+08:00,2560.1
2025-07-28 03:40:00+08:00,2571.5
2025-07-28 03:50:00+08:00,2566.3
2025-07-28 04:00:00+08:00,2544.0
2025-07-28 04:10:00+08:00,2549.0
2025-07-28 04:20:00+08:00,2544.8
2025-07-28 04:30:00+08:00,2553.5
2025-07-28 04:40:00+08:00,2530.7
2025-07-28 04:50:00+08:00,2538.4
2025-07-28 05:00:00+08:00,2544.0
2025-07-28 05:10:00+08:00,2555.4
2025-07-28 05:20:00+08:00,2548.6
2025-07-28 05:30:00+08:00,2537.6
2025-07-28 05:40:00+08:00,2548.1
2025-07-28 05:50:00+08:00,2541.9
2025-07-28 06:00:00+08:00,2564.6
2025-07-28 06:10:00+08:00,2592.1
2025-07-28 06:20:00+08:00,2583.3
2025-07-28 06:30:00+08:00,2593.0
2025-07-28 06:40:00+08:00,2641.7
2025-07-28 06:50:00+08:00,2638.9
2025-07-28 07:00:00+08:00,2696.5
2025-07-28 07:10:00+08:00,2734.1
2025-07-28 07:20:00+08:00,2785.5
2025-07-28 07:30:00+08:00,2815.4
2025-07-28 07:40:00+08:00,2884.5
2025-07-28 07:50:00+08:00,2929.8
2025-07-28 08:00:00+08:00,3042.2
2025-07-28 08:10:00+08:00,3166.3
2025-07-28 08:20:00+08:00,3242.2
2025-07-28 08:30:00+08:00,3305.4
2025-07-28 08:40:00+08:00,3357.4
2025-07-28 08:50:00+08:00,3356.5
2025-07-28 09:00:00+08:00,3393.0
2025-07-28 09:10:00+08:00,3436.2
2025-07-28 09:20:00+08:00,3441.6
2025-07-28 09:30:00+08:00,3435.4
2025-07-28 09:40:00+08:00,3444.5
2025-07-28 09:50:00+08:00,3505.6
2025-07-28 10:00:00+08:00,3542.9
2025-07-28 10:10:00+08:00,3514.6
2025-07-28 10:20:00+08:00,3514.6
2025-07-28 10:30:00+08:00,3565.6
2025-07-28 10:40:00+08:00,3613.8
2025-07-28 10:50:00+08:00,3602.1
2025-07-28 11:00:00+08:00,3621.2
2025-07-28 11:10:00+08:00,3671.2
2025-07-28 11:20:00+08:00,3653.7
2025-07-28 11:30:00+08:00,3663.8
2025-07-28 11:40:00+08:00,3675.4
2025-07-28 11:50:00+08:00,3688.3
2025-07-28 12:00:00+08:00,3620.9
2025-07-28 12:10:00+08:00,3541.8
2025-07-28 12:20:00+08:00,3512.3
2025-07-28 12:30:00+08:00,3518.5
2025-07-28 12:40:00+08:00,3543.2
2025-07-28 12:50:00+08:00,3508.4
2025-07-28 13:00:00+08:00,3531.0
2025-07-28 13:10:00+08:00,3650.1
2025-07-28 13:20:00+08:00,3667.6
2025-07-28 13:30:00+08:00,3664.9
2025-07-28 13:40:00+08:00,3676.5
2025-07-28 13:50:00+08:00,3696.9
2025-07-28 14:00:00+08:00,3684.2
2025-07-28 14:10:00+08:00,3664.3
2025-07-28 14:20:00+08:00,3623.3
2025-07-28 14:30:00+08:00,3624.0
2025-07-28 14:40:00+08:00,3612.2
2025-07-28 14:50:00+08:00,3594.3
2025-07-28 15:00:00+08:00,3576.2
2025-07-28 15:10:00+08:00,3602.7
2025-07-28 15:20:00+08:00,3566.5
2025-07-28 15:30:00+08:00,3575.1
2025-07-28 15:40:00+08:00,3586.4
2025-07-28 15:50:00+08:00,3573.4
2025-07-28 16:00:00+08:00,3544.8
2025-07-28 16:10:00+08:00,3523.4
2025-07-28 16:20:00+08:00,3507.8
2025-07-28 16:30:00+08:00,3489.7
2025-07-28 16:40:00+08:00,3487.4
2025-07-28 16:50:00+08:00,3473.3
2025-07-28 17:00:00+08:00,3431.1
2025-07-28 17:10:00+08:00,3391.8
2025-07-28 17:20:00+08:00,3396.4
2025-07-28 17:30:00+08:00,3381.8
2025-07-28 17:40:00+08:00,3377.8
2025-07-28 17:50:00+08:00,3384.2
2025-07-28 18:00:00+08:00,3374.3
2025-07-28 18:10:00+08:00,3357.3
2025-07-28 18:20:00+08:00,3368.1
2025-07-28 18:30:00+08:00,3369.5
2025-07-28 18:40:00+08:00,3371.4
2025-07-28 18:50:00+08:00,3378.5
2025-07-28 19:00:00+08:00,3372.3
2025-07-28 19:10:00+08:00,3368.5
2025-07-28 19:20:00+08:00,3349.1
2025-07-28 19:30:00+08:00,3342.0
2025-07-28 19:40:00+08:00,3326.9
2025-07-28 19:50:00+08:00,3326.6
2025-07-28 20:00:00+08:00,3313.4
2025-07-28 20:10:00+08:00,3286.6
2025-07-28 20:20:00+08:00,3286.3
2025-07-28 20:30:00+08:00,3278.1
2025-07-28 20:40:00+08:00,3253.1
2025-07-28 20:50:00+08:00,3244.1
2025-07-28 21:00:00+08:00,3215.9
2025-07-28 21:10:00+08:00,3197.4
2025-07-28 21:20:00+08:00,3192.1
2025-07-28 21:30:00+08:00,3172.7
2025-07-28 21:40:00+08:00,3170.3
2025-07-28 21:50:00+08:00,3172.8
2025-07-28 22:00:00+08:00,3128.1
2025-07-28 22:10:00+08:00,3132.0
2025-07-28 22:20:00+08:00,3127.0
2025-07-28 22:30:00+08:00,3100.5
2025-07-28 22:40:00+08:00,3081.0
2025-07-28 22:50:00+08:00,3071.4
2025-07-28 23:00:00+08:00,3030.9
2025-07-28 23:10:00+08:00,2997.8
2025-07-28 23:20:00+08:00,2980.9
2025-07-28 23:30:00+08:00,2958.7
2025-07-28 23:40:00+08:00,2949.0
2025-07-28 23:50:00+08:00,2915.9
2025-07-29 00:00:00+08:00,2879.9
2025-07-29 00:10:00+08:00,2902.9
2025-07-29 00:20:00+08:00,2884.9
2025-07-29 00:30:00+08:00,2853.8
2025-07-29 00:40:00+08:00,2841.2
2025-07-29 00:50:00+08:00,2841.1
2025-07-29 01:00:00+08:00,2824.9
2025-07-29 01:10:00+08:00,2812.0
2025-07-29 01:20:00+08:00,2782.0
2025-07-29 01:30:00+08:00,2759.0
2025-07-29 01:40:00+08:00,2756.3
2025-07-29 01:50:00+08:00,2746.6
2025-07-29 02:00:00+08:00,2710.3
2025-07-29 02:10:00+08:00,2712.7
2025-07-29 02:20:00+08:00,2707.3
2025-07-29 02:30:00+08:00,2675.1
2025-07-29 02:40:00+08:00,2692.2
2025-07-29 02:50:00+08:00,2673.9
2025-07-29 03:00:00+08:00,2652.5
2025-07-29 03:10:00+08:00,2662.5
2025-07-29 03:20:00+08:00,2637.0
2025-07-29 03:30:00+08:00,2647.2
2025-07-29 03:40:00+08:00,2645.4
2025-07-29 03:50:00+08:00,2637.8
2025-07-29 04:00:00+08:00,2615.4
2025-07-29 04:10:00+08:00,2626.6
2025-07-29 04:20:00+08:00,2612.9
2025-07-29 04:30:00+08:00,2618.5
2025-07-29 04:40:00+08:00,2607.1
2025-07-29 04:50:00+08:00,2618.3
2025-07-29 05:00:00+08:00,2609.0
2025-07-29 05:10:00+08:00,2610.0
2025-07-29 05:20:00+08:00,2610.3
2025-07-29 05:30:00+08:00,2587.9
2025-07-29 05:40:00+08:00,2609.5
2025-07-29 05:50:00+08:00,2593.4
2025-07-29 06:00:00+08:00,2610.8
2025-07-29 06:10:00+08:00,2615.1
2025-07-29 06:20:00+08:00,2640.6
2025-07-29 06:30:00+08:00,2653.4
2025-07-29 06:40:00+08:00,2658.4
2025-07-29 06:50:00+08:00,2674.4
2025-07-29 07:00:00+08:00,2695.4
2025-07-29 07:10:00+08:00,2726.4
2025-07-29 07:20:00+08:00,2765.6
2025-07-29 07:30:00+08:00,2769.4
2025-07-29 07:40:00+08:00,2828.9
2025-07-29 07:50:00+08:00,2870.4
2025-07-29 08:00:00+08:00,2954.5
2025-07-29 08:10:00+08:00,3058.5
2025-07-29 08:20:00+08:00,3122.5
2025-07-29 08:30:00+08:00,3154.8
2025-07-29 08:40:00+08:00,3180.9
2025-07-29 08:50:00+08:00,3213.2
2025-07-29 09:00:00+08:00,3221.1
2025-07-29 09:10:00+08:00,3259.8
2025-07-29 09:20:00+08:00,3288.2
2025-07-29 09:30:00+08:00,3288.7
2025-07-29 09:40:00+08:00,3348.3
2025-07-29 09:50:00+08:00,3334.7
2025-07-29 10:00:00+08:00,3324.0
2025-07-29 10:10:00+08:00,3366.6
2025-07-29 10:20:00+08:00,3433.9
2025-07-29 10:30:00+08:00,3421.1
2025-07-29 10:40:00+08:00,3429.3
2025-07-29 10:50:00+08:00,3423.2
2025-07-29 11:00:00+08:00,3443.2
2025-07-29 11:10:00+08:00,3463.3
2025-07-29 11:20:00+08:00,3459.7
2025-07-29 11:30:00+08:00,3471.2
2025-07-29 11:40:00+08:00,3474.0
2025-07-29 11:50:00+08:00,3459.2
2025-07-29 12:00:00+08:00,3414.6
2025-07-29 12:10:00+08:00,3367.4
2025-07-29 12:20:00+08:00,3350.1
2025-07-29 12:30:00+08:00,3354.2
2025-07-29 12:40:00+08:00,3343.3
2025-07-29 12:50:00+08:00,3397.6
2025-07-29 13:00:00+08:00,3422.0
2025-07-29 13:10:00+08:00,3497.8
2025-07-29 13:20:00+08:00,3501.5
2025-07-29 13:30:00+08:00,3518.2
2025-07-29 13:40:00+08:00,3521.8
2025-07-29 13:50:00+08:00,3545.5
2025-07-29 14:00:00+08:00,3546.8
2025-07-29 14:10:00+08:00,3523.4
2025-07-29 14:20:00+08:00,3537.3
2025-07-29 14:30:00+08:00,3556.1
2025-07-29 14:40:00+08:00,3544.4
2025-07-29 14:50:00+08:00,3534.9
2025-07-29 15:00:00+08:00,3526.4
2025-07-29 15:10:00+08:00,3549.8
2025-07-29 15:20:00+08:00,3535.0
2025-07-29 15:30:00+08:00,3539.8
2025-07-29 15:40:00+08:00,3523.8
2025-07-29 15:50:00+08:00,3514.0
2025-07-29 16:00:00+08:00,3508.5
2025-07-29 16:10:00+08:00,3502.3
2025-07-29 16:20:00+08:00,3501.1
2025-07-29 16:30:00+08:00,3505.4
2025-07-29 16:40:00+08:00,3494.6
2025-07-29 16:50:00+08:00,3464.3
2025-07-29 17:00:00+08:00,3440.2
2025-07-29 17:10:00+08:00,3390.6
2025-07-29 17:20:00+08:00,3384.6
2025-07-29 17:30:00+08:00,3389.6
2025-07-29 17:40:00+08:00,3383.8
2025-07-29 17:50:00+08:00,3375.7
2025-07-29 18:00:00+08:00,3377.6
2025-07-29 18:10:00+08:00,3365.5
2025-07-29 18:20:00+08:00,3367.9
2025-07-29 18:30:00+08:00,3365.0
2025-07-29 18:40:00+08:00,3364.9
2025-07-29 18:50:00+08:00,3380.1
2025-07-29 19:00:00+08:00,3376.1
2025-07-29 19:10:00+08:00,3358.3
2025-07-29 19:20:00+08:00,3358.2
2025-07-29 19:30:00+08:00,3357.5
2025-07-29 19:40:00+08:00,3343.7
2025-07-29 19:50:00+08:00,3335.7
2025-07-29 20:00:00+08:00,3328.4
2025-07-29 20:10:00+08:00,3318.6
2025-07-29 20:20:00+08:00,3311.7
2025-07-29 20:30:00+08:00,3300.7
2025-07-29 20:40:00+08:00,3290.0
2025-07-29 20:50:00+08:00,3277.7
2025-07-29 21:00:00+08:00,3254.7
2025-07-29 21:10:00+08:00,3227.5
2025-07-29 21:20:00+08:00,3222.1
2025-07-29 21:30:00+08:00,3211.5
2025-07-29 21:40:00+08:00,3195.2
2025-07-29 21:50:00+08:00,3182.6
2025-07-29 22:00:00+08:00,3170.6
2025-07-29 22:10:00+08:00,3189.0
2025-07-29 22:20:00+08:00,3158.9
2025-07-29 22:30:00+08:00,3147.1
2025-07-29 22:40:00+08:00,3128.4
2025-07-29 22:50:00+08:00,3124.4
2025-07-29 23:00:00+08:00,3069.3
2025-07-29 23:10:00+08:00,3037.7
2025-07-29 23:20:00+08:00,3012.9
2025-07-29 23:30:00+08:00,3010.4
2025-07-29 23:40:00+08:00,2984.7
2025-07-29 23:50:00+08:00,2961.3
2025-07-30 00:00:00+08:00,2939.9
2025-07-30 00:10:00+08:00,2936.9
2025-07-30 00:20:00+08:00,2921.9
2025-07-30 00:30:00+08:00,2881.4
2025-07-30 00:40:00+08:00,2902.1
2025-07-30 00:50:00+08:00,2864.5
2025-07-30 01:00:00+08:00,2838.0
2025-07-30 01:10:00+08:00,2832.2
2025-07-30 01:20:00+08:00,2814.8
2025-07-30 01:30:00+08:00,2797.7
2025-07-30 01:40:00+08:00,2782.4
2025-07-30 01:50:00+08:00,2787.9
2025-07-30 02:00:00+08:00,2734.4
2025-07-30 02:10:00+08:00,2745.5
2025-07-30 02:20:00+08:00,2750.7
2025-07-30 02:30:00+08:00,2710.0
2025-07-30 02:40:00+08:00,2726.5
2025-07-30 02:50:00+08:00,2694.5
2025-07-30 03:00:00+08:00,2695.8
2025-07-30 03:10:00+08:00,2674.8
2025-07-30 03:20:00+08:00,2689.3
2025-07-30 03:30:00+08:00,2663.1
2025-07-30 03:40:00+08:00,2664.7
2025-07-30 03:50:00+08:00,2664.9
2025-07-30 04:00:00+08:00,2649.0
2025-07-30 04:10:00+08:00,2657.2
2025-07-30 04:20:00+08:00,2654.6
2025-07-30 04:30:00+08:00,2655.3
2025-07-30 04:40:00+08:00,2667.5
2025-07-30 04:50:00+08:00,2654.7
2025-07-30 05:00:00+08:00,2649.6
2025-07-30 05:10:00+08:00,2662.1
2025-07-30 05:20:00+08:00,2644.8
2025-07-30 05:30:00+08:00,2652.8
2025-07-30 05:40:00+08:00,2646.1
2025-07-30 05:50:00+08:00,2663.5
2025-07-30 06:00:00+08:00,2652.4
2025-07-30 06:10:00+08:00,2709.6
2025-07-30 06:20:00+08:00,2691.2
2025-07-30 06:30:00+08:00,2717.1
2025-07-30 06:40:00+08:00,2735.4
2025-07-30 06:50:00+08:00,2760.2
2025-07-30 07:00:00+08:00,2775.1
2025-07-30 07:10:00+08:00,2844.8
2025-07-30 07:20:00+08:00,2874.8
2025-07-30 07:30:00+08:00,2916.9
2025-07-30 07:40:00+08:00,2976.6
2025-07-30 07:50:00+08:00,3049.9
2025-07-30 08:00:00+08:00,3155.5
2025-07-30 08:10:00+08:00,3265.2
2025-07-30 08:20:00+08:00,3324.4
2025-07-30 08:30:00+08:00,3386.3
2025-07-30 08:40:00+08:00,3434.6
2025-07-30 08:50:00+08:00,3447.2
2025-07-30 09:00:00+08:00,3473.7
2025-07-30 09:10:00+08:00,3497.1
2025-07-30 09:20:00+08:00,3524.3
2025-07-30 09:30:00+08:00,3549.1
2025-07-30 09:40:00+08:00,3578.2
2025-07-30 09:50:00+08:00,3571.3
2025-07-30 10:00:00+08:00,3571.0
2025-07-30 10:10:00+08:00,3585.8
2025-07-30 10:20:00+08:00,3625.9
2025-07-30 10:30:00+08:00,3618.7
2025-07-30 10:40:00+08:00,3675.2
2025-07-30 10:50:00+08:00,3681.3
2025-07-30 11:00:00+08:00,3717.1
2025-07-30 11:10:00+08:00,3701.4
2025-07-30 11:20:00+08:00,3742.2
2025-07-30 11:30:00+08:00,3743.6
2025-07-30 11:40:00+08:00,3740.2
2025-07-30 11:50:00+08:00,3757.1
2025-07-30 12:00:00+08:00,3665.2
2025-07-30 12:10:00+08:00,3595.0
2025-07-30 12:20:00+08:00,3568.1
2025-07-30 12:30:00+08:00,3568.3
2025-07-30 12:40:00+08:00,3594.9
2025-07-30 12:50:00+08:00,3604.4
2025-07-30 13:00:00+08:00,3590.0
2025-07-30 13:10:00+08:00,3688.6
2025-07-30 13:20:00+08:00,3746.2
2025-07-30 13:30:00+08:00,3759.3
2025-07-30 13:40:00+08:00,3714.1
2025-07-30 13:50:00+08:00,3747.5
2025-07-30 14:00:00+08:00,3735.0
2025-07-30 14:10:00+08:00,3748.4
2025-07-30 14:20:00+08:00,3735.5
2025-07-30 14:30:00+08:00,3750.2
2025-07-30 14:40:00+08:00,3709.4
2025-07-30 14:50:00+08:00,3750.5
2025-07-30 15:00:00+08:00,3756.8
2025-07-30 15:10:00+08:00,3756.5
2025-07-30 15:20:00+08:00,3736.4
2025-07-30 15:30:00+08:00,3735.5
2025-07-30 15:40:00+08:00,3727.8
2025-07-30 15:50:00+08:00,3707.3
2025-07-30 16:00:00+08:00,3726.0
2025-07-30 16:10:00+08:00,3720.8
2025-07-30 16:20:00+08:00,3696.3
2025-07-30 16:30:00+08:00,3687.6
2025-07-30 16:40:00+08:00,3685.6
2025-07-30 16:50:00+08:00,3650.5
2025-07-30 17:00:00+08:00,3592.7
2025-07-30 17:10:00+08:00,3586.1
2025-07-30 17:20:00+08:00,3554.1
2025-07-30 17:30:00+08:00,3541.4
2025-07-30 17:40:00+08:00,3541.8
2025-07-30 17:50:00+08:00,3537.0
2025-07-30 18:00:00+08:00,3529.9
2025-07-30 18:10:00+08:00,3528.9
2025-07-30 18:20:00+08:00,3533.0
2025-07-30 18:30:00+08:00,3518.6
2025-07-30 18:40:00+08:00,3533.5
2025-07-30 18:50:00+08:00,3527.2
2025-07-30 19:00:00+08:00,3522.6
2025-07-30 19:10:00+08:00,3519.7
2025-07-30 19:20:00+08:00,3505.1
2025-07-30 19:30:00+08:00,3489.5
2025-07-30 19:40:00+08:00,3463.8
2025-07-30 19:50:00+08:00,3471.4
2025-07-30 20:00:00+08:00,3449.4
2025-07-30 20:10:00+08:00,3426.4
2025-07-30 20:20:00+08:00,3425.8
2025-07-30 20:30:00+08:00,3410.9
2025-07-30 20:40:00+08:00,3398.1
2025-07-30 20:50:00+08:00,3380.0
2025-07-30 21:00:00+08:00,3366.1
2025-07-30 21:10:00+08:00,3336.7
2025-07-30 21:20:00+08:00,3329.4
2025-07-30 21:30:00+08:00,3317.9
2025-07-30 21:40:00+08:00,3333.1
2025-07-30 21:50:00+08:00,3321.6
2025-07-30 22:00:00+08:00,3300.4
2025-07-30 22:10:00+08:00,3306.7
2025-07-30 22:20:00+08:00,3315.2
2025-07-30 22:30:00+08:00,3301.4
2025-07-30 22:40:00+08:00,3253.0
2025-07-30 22:50:00+08:00,3232.8
2025-07-30 23:00:00+08:00,3223.0
2025-07-30 23:10:00+08:00,3188.6
2025-07-30 23:20:00+08:00,3167.0
2025-07-30 23:30:00+08:00,3141.6
2025-07-30 23:40:00+08:00,3102.6
2025-07-30 23:50:00+08:00,3089.4
2025-07-31 00:00:00+08:00,3057.4
2025-07-31 00:10:00+08:00,3058.7
2025-07-31 00:20:00+08:00,3054.7
2025-07-31 00:30:00+08:00,3000.5
2025-07-31 00:40:00+08:00,3011.8
2025-07-31 00:50:00+08:00,2974.7
2025-07-31 01:00:00+08:00,2965.4
2025-07-31 01:10:00+08:00,2937.9
2025-07-31 01:20:00+08:00,2914.1
2025-07-31 01:30:00+08:00,2905.6
2025-07-31 01:40:00+08:00,2870.0
2025-07-31 01:50:00+08:00,2865.7
2025-07-31 02:00:00+08:00,2858.7
2025-07-31 02:10:00+08:00,2834.2
2025-07-31 02:20:00+08:00,2826.1
2025-07-31 02:30:00+08:00,2811.7
2025-07-31 02:40:00+08:00,2805.9
2025-07-31 02:50:00+08:00,2795.3
2025-07-31 03:00:00+08:00,2775.8
2025-07-31 03:10:00+08:00,2763.5
2025-07-31 03:20:00+08:00,2753.1
2025-07-31 03:30:00+08:00,2749.7
2025-07-31 03:40:00+08:00,2718.2
2025-07-31 03:50:00+08:00,2748.9
2025-07-31 04:00:00+08:00,2715.8
2025-07-31 04:10:00+08:00,2711.7
2025-07-31 04:20:00+08:00,2717.0
2025-07-31 04:30:00+08:00,2718.7
2025-07-31 04:40:00+08:00,2708.2
2025-07-31 04:50:00+08:00,2722.5
2025-07-31 05:00:00+08:00,2710.7
2025-07-31 05:10:00+08:00,2695.0
2025-07-31 05:20:00+08:00,2705.8
2025-07-31 05:30:00+08:00,2682.3
2025-07-31 05:40:00+08:00,2686.4
2025-07-31 05:50:00+08:00,2692.8
2025-07-31 06:00:00+08:00,2719.0
2025-07-31 06:10:00+08:00,2743.6
2025-07-31 06:20:00+08:00,2750.3
2025-07-31 06:30:00+08:00,2740.8
2025-07-31 06:40:00+08:00,2776.9
2025-07-31 06:50:00+08:00,2799.3
2025-07-31 07:00:00+08:00,2831.1
2025-07-31 07:10:00+08:00,2862.3
2025-07-31 07:20:00+08:00,2862.3
2025-07-31 07:30:00+08:00,2945.7
2025-07-31 07:40:00+08:00,2974.1
2025-07-31 07:50:00+08:00,3052.6
2025-07-31 08:00:00+08:00,3147.5
2025-07-31 08:10:00+08:00,3287.8
2025-07-31 08:20:00+08:00,3324.8
2025-07-31 08:30:00+08:00,3377.6
2025-07-31 08:40:00+08:00,3426.9
2025-07-31 08:50:00+08:00,3449.6
2025-07-31 09:00:00+08:00,3476.6
2025-07-31 09:10:00+08:00,3479.2
2025-07-31 09:20:00+08:00,3566.0
2025-07-31 09:30:00+08:00,3570.5
2025-07-31 09:40:00+08:00,3572.0
2025-07-31 09:50:00+08:00,3570.7
2025-07-31 10:00:00+08:00,3580.7
2025-07-31 10:10:00+08:00,3583.4
2025-07-31 10:20:00+08:00,3626.6
2025-07-31 10:30:00+08:00,3663.6
2025-07-31 10:40:00+08:00,3655.8
2025-07-31 10:50:00+08:00,3664.7
2025-07-31 11:00:00+08:00,3680.7
2025-07-31 11:10:00+08:00,3688.0
2025-07-31 11:20:00+08:00,3692.2
2025-07-31 11:30:00+08:00,3701.7
2025-07-31 11:40:00+08:00,3706.5
2025-07-31 11:50:00+08:00,3669.5
2025-07-31 12:00:00+08:00,3618.3
2025-07-31 12:10:00+08:00,3554.5
2025-07-31 12:20:00+08:00,3563.4
2025-07-31 12:30:00+08:00,3547.2
2025-07-31 12:40:00+08:00,3554.3
2025-07-31 12:50:00+08:00,3601.5
2025-07-31 13:00:00+08:00,3646.4
2025-07-31 13:10:00+08:00,3697.2
2025-07-31 13:20:00+08:00,3723.1
2025-07-31 13:30:00+08:00,3695.2
2025-07-31 13:40:00+08:00,3702.7
2025-07-31 13:50:00+08:00,3712.4
2025-07-31 14:00:00+08:00,3693.5
2025-07-31 14:10:00+08:00,3665.4
2025-07-31 14:20:00+08:00,3695.6
2025-07-31 14:30:00+08:00,3727.8
2025-07-31 14:40:00+08:00,3719.0
2025-07-31 14:50:00+08:00,3731.2
2025-07-31 15:00:00+08:00,3737.6
2025-07-31 15:10:00+08:00,3724.8
2025-07-31 15:20:00+08:00,3720.9
2025-07-31 15:30:00+08:00,3741.4
2025-07-31 15:40:00+08:00,3706.7
2025-07-31 15:50:00+08:00,3693.0
2025-07-31 16:00:00+08:00,3672.0
2025-07-31 16:10:00+08:00,3660.8
2025-07-31 16:20:00+08:00,3674.0
2025-07-31 16:30:00+08:00,3657.4
2025-07-31 16:40:00+08:00,3637.0
2025-07-31 16:50:00+08:00,3636.2
2025-07-31 17:00:00+08:00,3578.8
2025-07-31 17:10:00+08:00,3538.2
2025-07-31 17:20:00+08:00,3525.0
2025-07-31 17:30:00+08:00,3504.4
2025-07-31 17:40:00+08:00,3506.0
2025-07-31 17:50:00+08:00,3512.5
2025-07-31 18:00:00+08:00,3494.7
2025-07-31 18:10:00+08:00,3478.7
2025-07-31 18:20:00+08:00,3481.6
2025-07-31 18:30:00+08:00,3495.2
2025-07-31 18:40:00+08:00,3495.0
2025-07-31 18:50:00+08:00,3495.6
2025-07-31 19:00:00+08:00,3503.4
2025-07-31 19:10:00+08:00,3477.8
2025-07-31 19:20:00+08:00,3482.7
2025-07-31 19:30:00+08:00,3470.9
2025-07-31 19:40:00+08:00,3458.7
2025-07-31 19:50:00+08:00,3464.1
2025-07-31 20:00:00+08:00,3455.6
2025-07-31 20:10:00+08:00,3435.4
2025-07-31 20:20:00+08:00,3428.9
2025-07-31 20:30:00+08:00,3411.6
2025-07-31 20:40:00+08:00,3390.7
2025-07-31 20:50:00+08:00,3382.5
2025-07-31 21:00:00+08:00,3362.7
2025-07-31 21:10:00+08:00,3335.5
2025-07-31 21:20:00+08:00,3325.7
2025-07-31 21:30:00+08:00,3317.1
2025-07-31 21:40:00+08:00,3300.1
2025-07-31 21:50:00+08:00,3287.9
2025-07-31 22:00:00+08:00,3273.0
2025-07-31 22:10:00+08:00,3285.5
2025-07-31 22:20:00+08:00,3278.1
2025-07-31 22:30:00+08:00,3252.8
2025-07-31 22:40:00+08:00,3208.8
2025-07-31 22:50:00+08:00,3222.2
2025-07-31 23:00:00+08:00,3155.8
2025-07-31 23:10:00+08:00,3143.0
2025-07-31 23:20:00+08:00,3124.6
2025-07-31 23:30:00+08:00,3100.8
2025-07-31 23:40:00+08:00,3066.3
2025-07-31 23:50:00+08:00,3046.0
2025-08-01 00:00:00+08:00,3012.1
2025-08-01 00:10:00+08:00,2992.4
2025-08-01 00:20:00+08:00,2993.5
2025-08-01 00:30:00+08:00,2979.2
2025-08-01 00:40:00+08:00,2975.4
2025-08-01 00:50:00+08:00,2950.9
2025-08-01 01:00:00+08:00,2933.3
2025-08-01 01:10:00+08:00,2893.0
2025-08-01 01:20:00+08:00,2904.5
2025-08-01 01:30:00+08:00,2886.9
2025-08-01 01:40:00+08:00,2841.4
2025-08-01 01:50:00+08:00,2855.7
2025-08-01 02:00:00+08:00,2827.4
2025-08-01 02:10:00+08:00,2804.2
2025-08-01 02:20:00+08:00,2799.8
2025-08-01 02:30:00+08:00,2789.9
2025-08-01 02:40:00+08:00,2784.3
2025-08-01 02:50:00+08:00,2774.0
2025-08-01 03:00:00+08:00,2751.2
2025-08-01 03:10:00+08:00,2746.6
2025-08-01 03:20:00+08:00,2726.2
2025-08-01 03:30:00+08:00,2717.4
2025-08-01 03:40:00+08:00,2725.2
2025-08-01 03:50:00+08:00,2715.2
2025-08-01 04:00:00+08:00,2714.5
2025-08-01 04:10:00+08:00,2702.2
2025-08-01 04:20:00+08:00,2683.4
2025-08-01 04:30:00+08:00,2678.8
2025-08-01 04:40:00+08:00,2659.8
2025-08-01 04:50:00+08:00,2669.1
2025-08-01 05:00:00+08:00,2674.5
2025-08-01 05:10:00+08:00,2682.4
2025-08-01 05:20:00+08:00,2678.5
2025-08-01 05:30:00+08:00,2677.9
2025-08-01 05:40:00+08:00,2676.8
2025-08-01 05:50:00+08:00,2678.9
2025-08-01 06:00:00+08:00,2711.5
2025-08-01 06:10:00+08:00,2711.3
2025-08-01 06:20:00+08:00,2739.5
2025-08-01 06:30:00+08:00,2727.4
2025-08-01 06:40:00+08:00,2745.2
2025-08-01 06:50:00+08:00,2775.6
2025-08-01 07:00:00+08:00,2782.0
2025-08-01 07:10:00+08:00,2840.1
2025-08-01 07:20:00+08:00,2893.7
2025-08-01 07:30:00+08:00,2915.7
2025-08-01 07:40:00+08:00,2944.8
2025-08-01 07:50:00+08:00,3035.1
2025-08-01 08:00:00+08:00,3127.5
2025-08-01 08:10:00+08:00,3244.9
2025-08-01 08:20:00+08:00,3324.7
2025-08-01 08:30:00+08:00,3361.7
2025-08-01 08:40:00+08:00,3392.4
2025-08-01 08:50:00+08:00,3444.8
2025-08-01 09:00:00+08:00,3444.9
2025-08-01 09:10:00+08:00,3458.5
2025-08-01 09:20:00+08:00,3498.2
2025-08-01 09:30:00+08:00,3518.0
2025-08-01 09:40:00+08:00,3544.6
2025-08-01 09:50:00+08:00,3583.0
2025-08-01 10:00:00+08:00,3594.8
2025-08-01 10:10:00+08:00,3592.4
2025-08-01 10:20:00+08:00,3626.1
2025-08-01 10:30:00+08:00,3638.5
2025-08-01 10:40:00+08:00,3659.1
2025-08-01 10:50:00+08:00,3679.9
2025-08-01 11:00:00+08:00,3688.4
2025-08-01 11:10:00+08:00,3730.0
2025-08-01 11:20:00+08:00,3723.3
2025-08-01 11:30:00+08:00,3713.3
2025-08-01 11:40:00+08:00,3711.4
2025-08-01 11:50:00+08:00,3703.1
2025-08-01 12:00:00+08:00,3657.6
2025-08-01 12:10:00+08:00,3633.0
2025-08-01 12:20:00+08:00,3606.2
2025-08-01 12:30:00+08:00,3595.8
2025-08-01 12:40:00+08:00,3578.9
2025-08-01 12:50:00+08:00,3577.9
2025-08-01 13:00:00+08:00,3549.6
2025-08-01 13:10:00+08:00,3681.2
2025-08-01 13:20:00+08:00,3744.3
2025-08-01 13:30:00+08:00,3740.8
2025-08-01 13:40:00+08:00,3705.4
2025-08-01 13:50:00+08:00,3713.4
2025-08-01 14:00:00+08:00,3755.6
2025-08-01 14:10:00+08:00,3758.1
2025-08-01 14:20:00+08:00,3756.1
2025-08-01 14:30:00+08:00,3737.9
2025-08-01 14:40:00+08:00,3679.6
2025-08-01 14:50:00+08:00,3693.2
2025-08-01 15:00:00+08:00,3659.0
2025-08-01 15:10:00+08:00,3648.2
2025-08-01 15:20:00+08:00,3709.5
2025-08-01 15:30:00+08:00,3717.0
2025-08-01 15:40:00+08:00,3665.2
2025-08-01 15:50:00+08:00,3667.6
2025-08-01 16:00:00+08:00,3633.8
2025-08-01 16:10:00+08:00,3611.4
2025-08-01 16:20:00+08:00,3587.2
2025-08-01 16:30:00+08:00,3590.5
2025-08-01 16:40:00+08:00,3563.9
2025-08-01 16:50:00+08:00,3533.7
2025-08-01 17:00:00+08:00,3481.8
2025-08-01 17:10:00+08:00,3454.3
2025-08-01 17:20:00+08:00,3446.1
2025-08-01 17:30:00+08:00,3443.3
2025-08-01 17:40:00+08:00,3433.8
2025-08-01 17:50:00+08:00,3428.3
2025-08-01 18:00:00+08:00,3419.0
2025-08-01 18:10:00+08:00,3405.4
2025-08-01 18:20:00+08:00,3416.8
2025-08-01 18:30:00+08:00,3417.6
2025-08-01 18:40:00+08:00,3411.8
2025-08-01 18:50:00+08:00,3409.5
2025-08-01 19:00:00+08:00,3410.8
2025-08-01 19:10:00+08:00,3401.3
2025-08-01 19:20:00+08:00,3393.4
2025-08-01 19:30:00+08:00,3383.3
2025-08-01 19:40:00+08:00,3372.3
2025-08-01 19:50:00+08:00,3364.4
2025-08-01 20:00:00+08:00,3353.2
2025-08-01 20:10:00+08:00,3327.6
2025-08-01 20:20:00+08:00,3326.3
2025-08-01 20:30:00+08:00,3321.0
2025-08-01 20:40:00+08:00,3298.7
2025-08-01 20:50:00+08:00,3299.4
2025-08-01 21:00:00+08:00,3285.4
2025-08-01 21:10:00+08:00,3264.5
2025-08-01 21:20:00+08:00,3244.6
2025-08-01 21:30:00+08:00,3229.2
2025-08-01 21:40:00+08:00,3222.8
2025-08-01 21:50:00+08:00,3220.8
2025-08-01 22:00:00+08:00,3195.1
2025-08-01 22:10:00+08:00,3217.4
2025-08-01 22:20:00+08:00,3197.5
2025-08-01 22:30:00+08:00,3186.5
2025-08-01 22:40:00+08:00,3164.6
2025-08-01 22:50:00+08:00,3145.0
2025-08-01 23:00:00+08:00,3122.2
2025-08-01 23:10:00+08:00,3075.8
2025-08-01 23:20:00+08:00,3072.8
2025-08-01 23:30:00+08:00,3041.0
2025-08-01 23:40:00+08:00,3010.9
2025-08-01 23:50:00+08:00,3019.8
2025-08-02 00:00:00+08:00,2980.3
2025-08-02 00:10:00+08:00,2967.9
2025-08-02 00:20:00+08:00,2974.7
2025-08-02 00:30:00+08:00,2951.7
2025-08-02 00:40:00+08:00,2960.2
2025-08-02 00:50:00+08:00,2922.8
2025-08-02 01:00:00+08:00,2900.5
2025-08-02 01:10:00+08:00,2889.5
2025-08-02 01:20:00+08:00,2862.9
2025-08-02 01:30:00+08:00,2859.2
2025-08-02 01:40:00+08:00,2804.6
2025-08-02 01:50:00+08:00,2805.5
2025-08-02 02:00:00+08:00,2814.2
2025-08-02 02:10:00+08:00,2799.6
2025-08-02 02:20:00+08:00,2790.3
2025-08-02 02:30:00+08:00,2746.7
2025-08-02 02:40:00+08:00,2739.9
2025-08-02 02:50:00+08:00,2739.5
2025-08-02 03:00:00+08:00,2736.9
2025-08-02 03:10:00+08:00,2720.8
2025-08-02 03:20:00+08:00,2691.0
2025-08-02 03:30:00+08:00,2709.3
2025-08-02 03:40:00+08:00,2685.9
2025-08-02 03:50:00+08:00,2682.7
2025-08-02 04:00:00+08:00,2674.9
2025-08-02 04:10:00+08:00,2666.1
2025-08-02 04:20:00+08:00,2692.9
2025-08-02 04:30:00+08:00,2677.8
2025-08-02 04:40:00+08:00,2685.6
2025-08-02 04:50:00+08:00,2650.4
2025-08-02 05:00:00+08:00,2648.4
2025-08-02 05:10:00+08:00,2652.5
2025-08-02 05:20:00+08:00,2651.4
2025-08-02 05:30:00+08:00,2642.9
2025-08-02 05:40:00+08:00,2647.4
2025-08-02 05:50:00+08:00,2626.2
2025-08-02 06:00:00+08:00,2633.7
2025-08-02 06:10:00+08:00,2642.4
2025-08-02 06:20:00+08:00,2656.7
2025-08-02 06:30:00+08:00,2634.4
2025-08-02 06:40:00+08:00,2624.9
2025-08-02 06:50:00+08:00,2659.5
2025-08-02 07:00:00+08:00,2650.6
2025-08-02 07:10:00+08:00,2694.9
2025-08-02 07:20:00+08:00,2701.0
2025-08-02 07:30:00+08:00,2683.8
2025-08-02 07:40:00+08:00,2708.6
2025-08-02 07:50:00+08:00,2761.0
2025-08-02 08:00:00+08:00,2785.4
2025-08-02 08:10:00+08:00,2825.2
2025-08-02 08:20:00+08:00,2841.4
2025-08-02 08:30:00+08:00,2878.5
2025-08-02 08:40:00+08:00,2893.4
2025-08-02 08:50:00+08:00,2929.2
2025-08-02 09:00:00+08:00,2953.2
2025-08-02 09:10:00+08:00,2968.5
2025-08-02 09:20:00+08:00,2991.2
2025-08-02 09:30:00+08:00,3023.7
2025-08-02 09:40:00+08:00,3038.1
2025-08-02 09:50:00+08:00,3051.3
2025-08-02 10:00:00+08:00,3075.4
2025-08-02 10:10:00+08:00,3105.1
2025-08-02 10:20:00+08:00,3131.8
2025-08-02 10:30:00+08:00,3144.0
2025-08-02 10:40:00+08:00,3127.7
2025-08-02 10:50:00+08:00,3163.7
2025-08-02 11:00:00+08:00,3179.5
2025-08-02 11:10:00+08:00,3200.5
2025-08-02 11:20:00+08:00,3226.8
2025-08-02 11:30:00+08:00,3225.1
2025-08-02 11:40:00+08:00,3217.1
2025-08-02 11:50:00+08:00,3196.8
2025-08-02 12:00:00+08:00,3195.6
2025-08-02 12:10:00+08:00,3166.2
2025-08-02 12:20:00+08:00,3167.0
2025-08-02 12:30:00+08:00,3181.5
2025-08-02 12:40:00+08:00,3167.4
2025-08-02 12:50:00+08:00,3183.2
2025-08-02 13:00:00+08:00,3194.7
2025-08-02 13:10:00+08:00,3205.8
2025-08-02 13:20:00+08:00,3210.3
2025-08-02 13:30:00+08:00,3197.5
2025-08-02 13:40:00+08:00,3186.7
2025-08-02 13:50:00+08:00,3185.6
2025-08-02 14:00:00+08:00,3190.0
2025-08-02 14:10:00+08:00,3181.5
2025-08-02 14:20:00+08:00,3184.8
2025-08-02 14:30:00+08:00,3181.8
2025-08-02 14:40:00+08:00,3168.3
2025-08-02 14:50:00+08:00,3160.6
2025-08-02 15:00:00+08:00,3166.5
2025-08-02 15:10:00+08:00,3144.5
2025-08-02 15:20:00+08:00,3149.0
2025-08-02 15:30:00+08:00,3149.6
2025-08-02 15:40:00+08:00,3147.5
2025-08-02 15:50:00+08:00,3158.9
2025-08-02 16:00:00+08:00,3154.9
2025-08-02 16:10:00+08:00,3151.8
2025-08-02 16:20:00+08:00,3153.9
2025-08-02 16:30:00+08:00,3159.3
2025-08-02 16:40:00+08:00,3148.6
2025-08-02 16:50:00+08:00,3155.6
2025-08-02 17:00:00+08:00,3138.1
2025-08-02 17:10:00+08:00,3158.2
2025-08-02 17:20:00+08:00,3176.1
2025-08-02 17:30:00+08:00,3158.5
2025-08-02 17:40:00+08:00,3171.7
2025-08-02 17:50:00+08:00,3172.4
2025-08-02 18:00:00+08:00,3185.8
2025-08-02 18:10:00+08:00,3171.9
2025-08-02 18:20:00+08:00,3192.2
2025-08-02 18:30:00+08:00,3202.4
2025-08-02 18:40:00+08:00,3191.6
2025-08-02 18:50:00+08:00,3191.6
2025-08-02 19:00:00+08:00,3199.2
2025-08-02 19:10:00+08:00,3184.1
2025-08-02 19:20:00+08:00,3188.2
2025-08-02 19:30:00+08:00,3208.3
2025-08-02 19:40:00+08:00,3188.7
2025-08-02 19:50:00+08:00,3203.1
2025-08-02 20:00:00+08:00,3193.0
2025-08-02 20:10:00+08:00,3196.1
2025-08-02 20:20:00+08:00,3184.2
2025-08-02 20:30:00+08:00,3182.8
2025-08-02 20:40:00+08:00,3173.3
2025-08-02 20:50:00+08:00,3161.6
2025-08-02 21:00:00+08:00,3160.0
2025-08-02 21:10:00+08:00,3149.6
2025-08-02 21:20:00+08:00,3149.0
2025-08-02 21:30:00+08:00,3145.4
2025-08-02 21:40:00+08:00,3119.1
2025-08-02 21:50:00+08:00,3112.2
2025-08-02 22:00:00+08:00,3098.3
2025-08-02 22:10:00+08:00,3070.1
2025-08-02 22:20:00+08:00,3050.2
2025-08-02 22:30:00+08:00,3017.6
2025-08-02 22:40:00+08:00,3010.1
2025-08-02 22:50:00+08:00,3006.5
2025-08-02 23:00:00+08:00,2981.7
2025-08-02 23:10:00+08:00,2950.5
2025-08-02 23:20:00+08:00,2950.5
2025-08-02 23:30:00+08:00,2930.6
2025-08-02 23:40:00+08:00,2908.5
2025-08-02 23:50:00+08:00,2897.1
2025-08-03 00:00:00+08:00,2864.9
2025-08-03 00:10:00+08:00,2840.0
2025-08-03 00:20:00+08:00,2831.3
2025-08-03 00:30:00+08:00,2818.4
2025-08-03 00:40:00+08:00,2776.2
2025-08-03 00:50:00+08:00,2774.3
2025-08-03 01:00:00+08:00,2754.8
2025-08-03 01:10:00+08:00,2725.3
2025-08-03 01:20:00+08:00,2734.9
2025-08-03 01:30:00+08:00,2681.7
2025-08-03 01:40:00+08:00,2673.9
2025-08-03 01:50:00+08:00,2677.6
2025-08-03 02:00:00+08:00,2669.5
2025-08-03 02:10:00+08:00,2640.6
2025-08-03 02:20:00+08:00,2640.2
2025-08-03 02:30:00+08:00,2618.7
2025-08-03 02:40:00+08:00,2591.0
2025-08-03 02:50:00+08:00,2607.8
2025-08-03 03:00:00+08:00,2597.4
2025-08-03 03:10:00+08:00,2559.2
2025-08-03 03:20:00+08:00,2574.3
2025-08-03 03:30:00+08:00,2559.2
2025-08-03 03:40:00+08:00,2532.0
2025-08-03 03:50:00+08:00,2522.7
2025-08-03 04:00:00+08:00,2529.1
2025-08-03 04:10:00+08:00,2522.6
2025-08-03 04:20:00+08:00,2528.6
2025-08-03 04:30:00+08:00,2525.0
2025-08-03 04:40:00+08:00,2525.5
2025-08-03 04:50:00+08:00,2539.3
2025-08-03 05:00:00+08:00,2523.0
2025-08-03 05:10:00+08:00,2503.4
2025-08-03 05:20:00+08:00,2487.6
2025-08-03 05:30:00+08:00,2484.3
2025-08-03 05:40:00+08:00,2484.5
2025-08-03 05:50:00+08:00,2493.1
2025-08-03 06:00:00+08:00,2488.6
2025-08-03 06:10:00+08:00,2496.7
2025-08-03 06:20:00+08:00,2493.1
2025-08-03 06:30:00+08:00,2497.7
2025-08-03 06:40:00+08:00,2517.0
2025-08-03 06:50:00+08:00,2512.5
2025-08-03 07:00:00+08:00,2513.6
2025-08-03 07:10:00+08:00,2521.9
2025-08-03 07:20:00+08:00,2530.7
2025-08-03 07:30:00+08:00,2538.2
2025-08-03 07:40:00+08:00,2580.1
2025-08-03 07:50:00+08:00,2585.3
2025-08-03 08:00:00+08:00,2616.0
2025-08-03 08:10:00+08:00,2647.6
2025-08-03 08:20:00+08:00,2664.8
2025-08-03 08:30:00+08:00,2689.2
2025-08-03 08:40:00+08:00,2697.2
2025-08-03 08:50:00+08:00,2726.2
2025-08-03 09:00:00+08:00,2726.1
2025-08-03 09:10:00+08:00,2759.4
2025-08-03 09:20:00+08:00,2760.4
2025-08-03 09:30:00+08:00,2777.5
2025-08-03 09:40:00+08:00,2786.8
2025-08-03 09:50:00+08:00,2829.2
2025-08-03 10:00:00+08:00,2837.9
2025-08-03 10:10:00+08:00,2886.4
2025-08-03 10:20:00+08:00,2890.2
2025-08-03 10:30:00+08:00,2900.6
2025-08-03 10:40:00+08:00,2906.3
2025-08-03 10:50:00+08:00,2906.3
2025-08-03 11:00:00+08:00,2938.8
2025-08-03 11:10:00+08:00,2941.7
2025-08-03 11:20:00+08:00,2969.1
2025-08-03 11:30:00+08:00,2937.6
2025-08-03 11:40:00+08:00,2949.3
2025-08-03 11:50:00+08:00,2930.9
2025-08-03 12:00:00+08:00,2937.7
2025-08-03 12:10:00+08:00,2949.4
2025-08-03 12:20:00+08:00,2967.2
2025-08-03 12:30:00+08:00,2989.6
2025-08-03 12:40:00+08:00,2975.6
2025-08-03 12:50:00+08:00,2999.6
2025-08-03 13:00:00+08:00,3017.6
2025-08-03 13:10:00+08:00,3006.6
2025-08-03 13:20:00+08:00,3043.3
2025-08-03 13:30:00+08:00,3044.5
2025-08-03 13:40:00+08:00,3043.1
2025-08-03 13:50:00+08:00,3022.6
2025-08-03 14:00:00+08:00,3038.3
2025-08-03 14:10:00+08:00,3046.1
2025-08-03 14:20:00+08:00,3021.2
2025-08-03 14:30:00+08:00,3033.6
2025-08-03 14:40:00+08:00,3049.5
2025-08-03 14:50:00+08:00,3049.6
2025-08-03 15:00:00+08:00,3006.8
2025-08-03 15:10:00+08:00,3022.0
2025-08-03 15:20:00+08:00,3027.6
2025-08-03 15:30:00+08:00,3031.1
2025-08-03 15:40:00+08:00,3031.6
2025-08-03 15:50:00+08:00,3014.9
2025-08-03 16:00:00+08:00,3015.4
2025-08-03 16:10:00+08:00,3024.0
2025-08-03 16:20:00+08:00,3042.0
2025-08-03 16:30:00+08:00,3040.8
2025-08-03 16:40:00+08:00,3047.5
2025-08-03 16:50:00+08:00,3035.7
2025-08-03 17:00:00+08:00,3054.3
2025-08-03 17:10:00+08:00,3052.9
2025-08-03 17:20:00+08:00,3047.1
2025-08-03 17:30:00+08:00,3080.4
2025-08-03 17:40:00+08:00,3071.4
2025-08-03 17:50:00+08:00,3066.6
2025-08-03 18:00:00+08:00,3079.9
2025-08-03 18:10:00+08:00,3088.7
2025-08-03 18:20:00+08:00,3089.7
2025-08-03 18:30:00+08:00,3089.7
2025-08-03 18:40:00+08:00,3099.2
2025-08-03 18:50:00+08:00,3116.5
2025-08-03 19:00:00+08:00,3121.5
2025-08-03 19:10:00+08:00,3096.3
2025-08-03 19:20:00+08:00,3115.5
2025-08-03 19:30:00+08:00,3113.8
2025-08-03 19:40:00+08:00,3128.2
2025-08-03 19:50:00+08:00,3126.8
2025-08-03 20:00:00+08:00,3118.6
2025-08-03 20:10:00+08:00,3106.4
2025-08-03 20:20:00+08:00,3142.4
2025-08-03 20:30:00+08:00,3140.5
2025-08-03 20:40:00+08:00,3123.2
2025-08-03 20:50:00+08:00,3117.2
2025-08-03 21:00:00+08:00,3104.2
2025-08-03 21:10:00+08:00,3102.0
2025-08-03 21:20:00+08:00,3095.1
2025-08-03 21:30:00+08:00,3065.7
2025-08-03 21:40:00+08:00,3075.7
2025-08-03 21:50:00+08:00,3039.4
2025-08-03 22:00:00+08:00,3026.2
2025-08-03 22:10:00+08:00,3011.8
2025-08-03 22:20:00+08:00,2992.8
2025-08-03 22:30:00+08:00,2948.6
2025-08-03 22:40:00+08:00,2924.4
2025-08-03 22:50:00+08:00,2922.4
2025-08-03 23:00:00+08:00,2894.6
2025-08-03 23:10:00+08:00,2883.8
2025-08-03 23:20:00+08:00,2855.2
2025-08-03 23:30:00+08:00,2851.2
2025-08-03 23:40:00+08:00,2805.3
2025-08-03 23:50:00+08:00,2799.0
2025-08-04 00:00:00+08:00,2767.0
2025-08-04 00:10:00+08:00,2760.3
2025-08-04 00:20:00+08:00,2728.2
2025-08-04 00:30:00+08:00,2702.7
2025-08-04 00:40:00+08:00,2706.1
2025-08-04 00:50:00+08:00,2677.0
2025-08-04 01:00:00+08:00,2648.6
2025-08-04 01:10:00+08:00,2646.7
2025-08-04 01:20:00+08:00,2639.7
2025-08-04 01:30:00+08:00,2630.6
2025-08-04 01:40:00+08:00,2604.5
2025-08-04 01:50:00+08:00,2588.3
2025-08-04 02:00:00+08:00,2568.1
2025-08-04 02:10:00+08:00,2553.7
2025-08-04 02:20:00+08:00,2556.5
2025-08-04 02:30:00+08:00,2540.2
2025-08-04 02:40:00+08:00,2526.6
2025-08-04 02:50:00+08:00,2523.7
2025-08-04 03:00:00+08:00,2481.4
2025-08-04 03:10:00+08:00,2492.3
2025-08-04 03:20:00+08:00,2480.8
2025-08-04 03:30:00+08:00,2483.4
2025-08-04 03:40:00+08:00,2469.3
2025-08-04 03:50:00+08:00,2486.4
2025-08-04 04:00:00+08:00,2462.9
2025-08-04 04:10:00+08:00,2454.6
2025-08-04 04:20:00+08:00,2465.1
2025-08-04 04:30:00+08:00,2468.8
2025-08-04 04:40:00+08:00,2461.8
2025-08-04 04:50:00+08:00,2470.7
2025-08-04 05:00:00+08:00,2470.3
2025-08-04 05:10:00+08:00,2485.2
2025-08-04 05:20:00+08:00,2491.3
2025-08-04 05:30:00+08:00,2471.2
2025-08-04 05:40:00+08:00,2475.3
2025-08-04 05:50:00+08:00,2482.9
2025-08-04 06:00:00+08:00,2489.8
2025-08-04 06:10:00+08:00,2501.9
2025-08-04 06:20:00+08:00,2514.8
2025-08-04 06:30:00+08:00,2535.6
2025-08-04 06:40:00+08:00,2549.1
2025-08-04 06:50:00+08:00,2602.0
2025-08-04 07:00:00+08:00,2630.1
2025-08-04 07:10:00+08:00,2679.8
2025-08-04 07:20:00+08:00,2718.7
2025-08-04 07:30:00+08:00,2738.9
2025-08-04 07:40:00+08:00,2801.3
2025-08-04 07:50:00+08:00,2875.1
2025-08-04 08:00:00+08:00,2988.5
2025-08-04 08:10:00+08:00,3087.5
2025-08-04 08:20:00+08:00,3153.7
2025-08-04 08:30:00+08:00,3226.7
2025-08-04 08:40:00+08:00,3272.8
2025-08-04 08:50:00+08:00,3284.7
2025-08-04 09:00:00+08:00,3373.5
2025-08-04 09:10:00+08:00,3394.6
2025-08-04 09:20:00+08:00,3403.1
2025-08-04 09:30:00+08:00,3389.5
2025-08-04 09:40:00+08:00,3437.4
2025-08-04 09:50:00+08:00,3469.9
2025-08-04 10:00:00+08:00,3475.3
2025-08-04 10:10:00+08:00,3492.2
2025-08-04 10:20:00+08:00,3515.6
2025-08-04 10:30:00+08:00,3532.4
2025-08-04 10:40:00+08:00,3555.6
2025-08-04 10:50:00+08:00,3575.8
2025-08-04 11:00:00+08:00,3561.1
2025-08-04 11:10:00+08:00,3578.0
2025-08-04 11:20:00+08:00,3600.1
2025-08-04 11:30:00+08:00,3644.1
2025-08-04 11:40:00+08:00,3634.7
2025-08-04 11:50:00+08:00,3604.0
2025-08-04 12:00:00+08:00,3561.4
2025-08-04 12:10:00+08:00,3503.0
2025-08-04 12:20:00+08:00,3484.4
2025-08-04 12:30:00+08:00,3507.0
2025-08-04 12:40:00+08:00,3499.8
2025-08-04 12:50:00+08:00,3506.2
2025-08-04 13:00:00+08:00,3538.1
2025-08-04 13:10:00+08:00,3625.7
2025-08-04 13:20:00+08:00,3640.2
2025-08-04 13:30:00+08:00,3629.8
2025-08-04 13:40:00+08:00,3641.2
2025-08-04 13:50:00+08:00,3625.7
2025-08-04 14:00:00+08:00,3621.2
2025-08-04 14:10:00+08:00,3627.5
2025-08-04 14:20:00+08:00,3632.2
2025-08-04 14:30:00+08:00,3614.8
2025-08-04 14:40:00+08:00,3605.3
2025-08-04 14:50:00+08:00,3593.6
2025-08-04 15:00:00+08:00,3614.7
2025-08-04 15:10:00+08:00,3591.8
2025-08-04 15:20:00+08:00,3590.3
2025-08-04 15:30:00+08:00,3569.8
2025-08-04 15:40:00+08:00,3565.5
2025-08-04 15:50:00+08:00,3556.1
2025-08-04 16:00:00+08:00,3538.2
2025-08-04 16:10:00+08:00,3531.9
2025-08-04 16:20:00+08:00,3532.6
2025-08-04 16:30:00+08:00,3532.3
2025-08-04 16:40:00+08:00,3511.7
2025-08-04 16:50:00+08:00,3489.7
2025-08-04 17:00:00+08:00,3441.2
2025-08-04 17:10:00+08:00,3400.0
2025-08-04 17:20:00+08:00,3402.3
2025-08-04 17:30:00+08:00,3386.5
2025-08-04 17:40:00+08:00,3387.6
2025-08-04 17:50:00+08:00,3383.6
2025-08-04 18:00:00+08:00,3382.5
2025-08-04 18:10:00+08:00,3372.0
2025-08-04 18:20:00+08:00,3378.0
2025-08-04 18:30:00+08:00,3388.0
2025-08-04 18:40:00+08:00,3392.9
2025-08-04 18:50:00+08:00,3403.4
2025-08-04 19:00:00+08:00,3381.6
2025-08-04 19:10:00+08:00,3363.8
2025-08-04 19:20:00+08:00,3366.9
2025-08-04 19:30:00+08:00,3360.3
2025-08-04 19:40:00+08:00,3347.1
2025-08-04 19:50:00+08:00,3345.3
2025-08-04 20:00:00+08:00,3342.4
2025-08-04 20:10:00+08:00,3313.4
2025-08-04 20:20:00+08:00,3294.2
2025-08-04 20:30:00+08:00,3290.5
2025-08-04 20:40:00+08:00,3268.5
2025-08-04 20:50:00+08:00,3265.2
2025-08-04 21:00:00+08:00,3248.7
2025-08-04 21:10:00+08:00,3221.2
2025-08-04 21:20:00+08:00,3217.4
2025-08-04 21:30:00+08:00,3200.9
2025-08-04 21:40:00+08:00,3184.9
2025-08-04 21:50:00+08:00,3169.8
2025-08-04 22:00:00+08:00,3156.4
2025-08-04 22:10:00+08:00,3164.8
2025-08-04 22:20:00+08:00,3156.3
2025-08-04 22:30:00+08:00,3121.5
2025-08-04 22:40:00+08:00,3088.6
2025-08-04 22:50:00+08:00,3082.9
2025-08-04 23:00:00+08:00,3053.2
2025-08-04 23:10:00+08:00,3014.7
2025-08-04 23:20:00+08:00,3002.1
2025-08-04 23:30:00+08:00,2956.2
2025-08-04 23:40:00+08:00,2960.0
2025-08-04 23:50:00+08:00,2945.7
2025-08-05 00:00:00+08:00,2911.2
2025-08-05 00:10:00+08:00,2910.9
2025-08-05 00:20:00+08:00,2886.3
2025-08-05 00:30:00+08:00,2870.2
2025-08-05 00:40:00+08:00,2842.2
2025-08-05 00:50:00+08:00,2831.0
2025-08-05 01:00:00+08:00,2828.9
2025-08-05 01:10:00+08:00,2803.0
2025-08-05 01:20:00+08:00,2780.1
2025-08-05 01:30:00+08:00,2775.1
2025-08-05 01:40:00+08:00,2758.9
2025-08-05 01:50:00+08:00,2758.4
2025-08-05 02:00:00+08:00,2734.3
2025-08-05 02:10:00+08:00,2700.0
2025-08-05 02:20:00+08:00,2710.5
2025-08-05 02:30:00+08:00,2698.2
2025-08-05 02:40:00+08:00,2688.7
2025-08-05 02:50:00+08:00,2679.5
2025-08-05 03:00:00+08:00,2668.5
2025-08-05 03:10:00+08:00,2656.0
2025-08-05 03:20:00+08:00,2655.8
2025-08-05 03:30:00+08:00,2655.8
2025-08-05 03:40:00+08:00,2632.7
2025-08-05 03:50:00+08:00,2618.6
2025-08-05 04:00:00+08:00,2615.7
2025-08-05 04:10:00+08:00,2615.1
2025-08-05 04:20:00+08:00,2625.9
2025-08-05 04:30:00+08:00,2622.1
2025-08-05 04:40:00+08:00,2617.5
2025-08-05 04:50:00+08:00,2618.9
2025-08-05 05:00:00+08:00,2619.7
2025-08-05 05:10:00+08:00,2622.9
2025-08-05 05:20:00+08:00,2616.4
2025-08-05 05:30:00+08:00,2614.9
2025-08-05 05:40:00+08:00,2622.8
2025-08-05 05:50:00+08:00,2598.0
2025-08-05 06:00:00+08:00,2610.5
2025-08-05 06:10:00+08:00,2636.8
2025-08-05 06:20:00+08:00,2632.4
2025-08-05 06:30:00+08:00,2672.4
2025-08-05 06:40:00+08:00,2681.4
2025-08-05 06:50:00+08:00,2710.2
2025-08-05 07:00:00+08:00,2738.3
2025-08-05 07:10:00+08:00,2789.9
2025-08-05 07:20:00+08:00,2843.6
2025-08-05 07:30:00+08:00,2863.6
2025-08-05 07:40:00+08:00,2938.4
2025-08-05 07:50:00+08:00,3024.7
2025-08-05 08:00:00+08:00,3117.0
2025-08-05 08:10:00+08:00,3238.4
2025-08-05 08:20:00+08:00,3332.1
2025-08-05 08:30:00+08:00,3388.2
2025-08-05 08:40:00+08:00,3422.9
2025-08-05 08:50:00+08:00,3427.6
2025-08-05 09:00:00+08:00,3485.4
2025-08-05 09:10:00+08:00,3509.1
2025-08-05 09:20:00+08:00,3516.1
2025-08-05 09:30:00+08:00,3523.0
2025-08-05 09:40:00+08:00,3556.2
2025-08-05 09:50:00+08:00,3561.1
2025-08-05 10:00:00+08:00,3580.5
2025-08-05 10:10:00+08:00,3585.2
2025-08-05 10:20:00+08:00,3613.0
2025-08-05 10:30:00+08:00,3653.9
2025-08-05 10:40:00+08:00,3672.6
2025-08-05 10:50:00+08:00,3659.4
2025-08-05 11:00:00+08:00,3696.3
2025-08-05 11:10:00+08:00,3713.1
2025-08-05 11:20:00+08:00,3738.9
2025-08-05 11:30:00+08:00,3748.9
2025-08-05 11:40:00+08:00,3747.7
2025-08-05 11:50:00+08:00,3776.4
2025-08-05 12:00:00+08:00,3694.8
2025-08-05 12:10:00+08:00,3623.6
2025-08-05 12:20:00+08:00,3619.8
2025-08-05 12:30:00+08:00,3632.4
2025-08-05 12:40:00+08:00,3604.7
2025-08-05 12:50:00+08:00,3607.3
2025-08-05 13:00:00+08:00,3621.7
2025-08-05 13:10:00+08:00,3689.2
2025-08-05 13:20:00+08:00,3701.1
2025-08-05 13:30:00+08:00,3714.1
2025-08-05 13:40:00+08:00,3724.6
2025-08-05 13:50:00+08:00,3718.4
2025-08-05 14:00:00+08:00,3718.3
2025-08-05 14:10:00+08:00,3709.3
2025-08-05 14:20:00+08:00,3706.8
2025-08-05 14:30:00+08:00,3706.4
2025-08-05 14:40:00+08:00,3688.7
2025-08-05 14:50:00+08:00,3690.4
2025-08-05 15:00:00+08:00,3674.4
2025-08-05 15:10:00+08:00,3663.6
2025-08-05 15:20:00+08:00,3652.8
2025-08-05 15:30:00+08:00,3633.4
2025-08-05 15:40:00+08:00,3635.5
2025-08-05 15:50:00+08:00,3637.1
2025-08-05 16:00:00+08:00,3608.4
2025-08-05 16:10:00+08:00,3591.9
2025-08-05 16:20:00+08:00,3581.9
2025-08-05 16:30:00+08:00,3569.4
2025-08-05 16:40:00+08:00,3550.8
2025-08-05 16:50:00+08:00,3541.2
2025-08-05 17:00:00+08:00,3484.6
2025-08-05 17:10:00+08:00,3439.6
2025-08-05 17:20:00+08:00,3431.5
2025-08-05 17:30:00+08:00,3426.7
2025-08-05 17:40:00+08:00,3423.9
2025-08-05 17:50:00+08:00,3430.5
2025-08-05 18:00:00+08:00,3423.3
2025-08-05 18:10:00+08:00,3414.2
2025-08-05 18:20:00+08:00,3414.4
2025-08-05 18:30:00+08:00,3417.2
2025-08-05 18:40:00+08:00,3417.2
2025-08-05 18:50:00+08:00,3431.7
2025-08-05 19:00:00+08:00,3422.0
2025-08-05 19:10:00+08:00,3410.0
2025-08-05 19:20:00+08:00,3409.7
2025-08-05 19:30:00+08:00,3403.3
2025-08-05 19:40:00+08:00,3385.7
2025-08-05 19:50:00+08:00,3374.2
2025-08-05 20:00:00+08:00,3365.5
2025-08-05 20:10:00+08:00,3349.6
2025-08-05 20:20:00+08:00,3350.7
2025-08-05 20:30:00+08:00,3338.9
2025-08-05 20:40:00+08:00,3316.3
2025-08-05 20:50:00+08:00,3303.8
2025-08-05 21:00:00+08:00,3295.7
2025-08-05 21:10:00+08:00,3260.6
2025-08-05 21:20:00+08:00,3255.5
2025-08-05 21:30:00+08:00,3248.3
2025-08-05 21:40:00+08:00,3232.9
2025-08-05 21:50:00+08:00,3227.0
2025-08-05 22:00:00+08:00,3204.7
2025-08-05 22:10:00+08:00,3208.4
2025-08-05 22:20:00+08:00,3219.5
2025-08-05 22:30:00+08:00,3202.7
2025-08-05 22:40:00+08:00,3159.9
2025-08-05 22:50:00+08:00,3141.5
2025-08-05 23:00:00+08:00,3119.0
2025-08-05 23:10:00+08:00,3102.1
2025-08-05 23:20:00+08:00,3063.5
2025-08-05 23:30:00+08:00,3019.0
2025-08-05 23:40:00+08:00,3012.6
2025-08-05 23:50:00+08:00,2981.0
2025-08-06 00:00:00+08:00,2975.2
2025-08-06 00:10:00+08:00,2965.7
2025-08-06 00:20:00+08:00,2952.0
2025-08-06 00:30:00+08:00,2922.2
2025-08-06 00:40:00+08:00,2910.0
2025-08-06 00:50:00+08:00,2874.6
2025-08-06 01:00:00+08:00,2892.1
2025-08-06 01:10:00+08:00,2850.5
2025-08-06 01:20:00+08:00,2830.4
2025-08-06 01:30:00+08:00,2835.5
2025-08-06 01:40:00+08:00,2787.2
2025-08-06 01:50:00+08:00,2801.9
2025-08-06 02:00:00+08:00,2792.8
2025-08-06 02:10:00+08:00,2771.9
2025-08-06 02:20:00+08:00,2744.2
2025-08-06 02:30:00+08:00,2725.3
2025-08-06 02:40:00+08:00,2733.0
2025-08-06 02:50:00+08:00,2736.2
2025-08-06 03:00:00+08:00,2724.7
2025-08-06 03:10:00+08:00,2675.2
2025-08-06 03:20:00+08:00,2694.8
2025-08-06 03:30:00+08:00,2679.2
2025-08-06 03:40:00+08:00,2678.0
2025-08-06 03:50:00+08:00,2686.7
2025-08-06 04:00:00+08:00,2665.9
2025-08-06 04:10:00+08:00,2664.4
2025-08-06 04:20:00+08:00,2660.8
2025-08-06 04:30:00+08:00,2650.4
2025-08-06 04:40:00+08:00,2645.6
2025-08-06 04:50:00+08:00,2630.5
2025-08-06 05:00:00+08:00,2639.7
2025-08-06 05:10:00+08:00,2637.0
2025-08-06 05:20:00+08:00,2639.6
2025-08-06 05:30:00+08:00,2623.4
2025-08-06 05:40:00+08:00,2611.9
2025-08-06 05:50:00+08:00,2606.9
2025-08-06 06:00:00+08:00,2639.4
2025-08-06 06:10:00+08:00,2657.7
2025-08-06 06:20:00+08:00,2665.6
2025-08-06 06:30:00+08:00,2691.0
2025-08-06 06:40:00+08:00,2689.3
2025-08-06 06:50:00+08:00,2709.3
2025-08-06 07:00:00+08:00,2727.4
2025-08-06 07:10:00+08:00,2781.2
2025-08-06 07:20:00+08:00,2840.9
2025-08-06 07:30:00+08:00,2864.2
2025-08-06 07:40:00+08:00,2925.2
2025-08-06 07:50:00+08:00,3002.0
2025-08-06 08:00:00+08:00,3108.7
2025-08-06 08:10:00+08:00,3230.1
2025-08-06 08:20:00+08:00,3316.6
2025-08-06 08:30:00+08:00,3374.3
2025-08-06 08:40:00+08:00,3424.0
2025-08-06 08:50:00+08:00,3459.5
2025-08-06 09:00:00+08:00,3483.3
2025-08-06 09:10:00+08:00,3514.7
2025-08-06 09:20:00+08:00,3528.9
2025-08-06 09:30:00+08:00,3545.1
2025-08-06 09:40:00+08:00,3580.2
2025-08-06 09:50:00+08:00,3607.4
2025-08-06 10:00:00+08:00,3619.8
2025-08-06 10:10:00+08:00,3637.9
2025-08-06 10:20:00+08:00,3632.9
2025-08-06 10:30:00+08:00,3667.2
2025-08-06 10:40:00+08:00,3668.7
2025-08-06 10:50:00+08:00,3688.3
2025-08-06 11:00:00+08:00,3716.6
2025-08-06 11:10:00+08:00,3739.4
2025-08-06 11:20:00+08:00,3792.5
2025-08-06 11:30:00+08:00,3763.2
2025-08-06 11:40:00+08:00,3778.8
2025-08-06 11:50:00+08:00,3776.4
2025-08-06 12:00:00+08:00,3708.1
2025-08-06 12:10:00+08:00,3654.1
2025-08-06 12:20:00+08:00,3683.9
2025-08-06 12:30:00+08:00,3678.7
2025-08-06 12:40:00+08:00,3659.0
2025-08-06 12:50:00+08:00,3683.4
2025-08-06 13:00:00+08:00,3695.2
2025-08-06 13:10:00+08:00,3788.9
2025-08-06 13:20:00+08:00,3818.6
2025-08-06 13:30:00+08:00,3827.8
2025-08-06 13:40:00+08:00,3836.4
2025-08-06 13:50:00+08:00,3831.4
2025-08-06 14:00:00+08:00,3845.2
2025-08-06 14:10:00+08:00,3841.9
2025-08-06 14:20:00+08:00,3832.1
2025-08-06 14:30:00+08:00,3828.0
2025-08-06 14:40:00+08:00,3824.0
2025-08-06 14:50:00+08:00,3822.1
2025-08-06 15:00:00+08:00,3792.8
2025-08-06 15:10:00+08:00,3799.3
2025-08-06 15:20:00+08:00,3804.1
2025-08-06 15:30:00+08:00,3789.0
2025-08-06 15:40:00+08:00,3776.7
2025-08-06 15:50:00+08:00,3773.9
2025-08-06 16:00:00+08:00,3753.5
2025-08-06 16:10:00+08:00,3736.6
2025-08-06 16:20:00+08:00,3735.8
2025-08-06 16:30:00+08:00,3726.1
2025-08-06 16:40:00+08:00,3701.4
2025-08-06 16:50:00+08:00,3682.9
2025-08-06 17:00:00+08:00,3629.0
2025-08-06 17:10:00+08:00,3597.5
2025-08-06 17:20:00+08:00,3576.7
2025-08-06 17:30:00+08:00,3576.2
2025-08-06 17:40:00+08:00,3564.5
2025-08-06 17:50:00+08:00,3555.5
2025-08-06 18:00:00+08:00,3538.3
2025-08-06 18:10:00+08:00,3521.4
2025-08-06 18:20:00+08:00,3519.1
2025-08-06 18:30:00+08:00,3509.0
2025-08-06 18:40:00+08:00,3490.7
2025-08-06 18:50:00+08:00,3509.3
2025-08-06 19:00:00+08:00,3507.5
2025-08-06 19:10:00+08:00,3487.9
2025-08-06 19:20:00+08:00,3489.6
2025-08-06 19:30:00+08:00,3474.6
2025-08-06 19:40:00+08:00,3461.8
2025-08-06 19:50:00+08:00,3458.3
2025-08-06 20:00:00+08:00,3445.0
