Timestamp,Nuclear,Coal,Co-Gen,IPP-Coal,LNG,IPP-LNG,Oil,Diesel,Hydro,Wind,Solar,Other_Renewable,Storage,Total_Generation,AirTemperature,WindSpeed,SunshineDuration,Precipitation
2025-07-22 16:50:00+08:00,0.0,0.0,0.0,0.0,0.0,0.0,0.0,0.0,0.0,0.0,0.0,0.0,0.0,0.0,,,,
2025-07-22 17:00:00+08:00,0.0,0.0,0.0,0.0,0.0,0.0,0.0,0.0,0.0,0.0,0.0,0.0,0.0,0.0,,,,
2025-07-22 17:10:00+08:00,0.0,2266.4,0.0,0.0,5542.5,1884.3,136.7,0.0,219.4,41.8,0.0,0.0,0.0,10091.1,,,,
2025-07-22 17:20:00+08:00,0.0,2270.0,0.0,0.0,5538.1,1868.9,137.5,0.0,219.3,40.2,0.0,0.0,0.0,10074.0,28.65,3.42,1.7,
2025-07-22 17:30:00+08:00,0.0,2268.8,0.0,0.0,5539.6,1865.4,137.5,0.0,218.6,44.6,0.0,0.0,0.0,10074.500000000002,28.65,3.42,1.7,
2025-07-22 17:40:00+08:00,0.0,2268.4,0.0,0.0,5550.9,1866.8,137.5,0.0,219.5,47.5,0.0,0.0,0.0,10090.6,28.6,3.02,1.73,
2025-07-22 17:50:00+08:00,0.0,2270.0,0.0,0.0,5547.1,1877.3,138.3,0.0,219.7,39.0,0.0,0.0,0.0,10091.4,28.52,3.3,1.75,
2025-07-22 18:00:00+08:00,0.0,2272.7,0.0,0.0,5547.7,1906.2,138.3,0.0,218.7,38.6,0.0,0.0,0.0,10122.2,28.42,3.1,1.77,
2025-07-22 18:10:00+08:00,0.0,2268.1,0.0,0.0,5547.6,1882.0,138.3,0.0,219.1,37.1,0.0,0.0,0.0,10092.2,28.37,3.12,1.78,
2025-07-22 18:20:00+08:00,0.0,2274.0,0.0,0.0,5549.6,1927.6,138.3,0.0,218.6,37.4,0.0,0.0,0.0,10145.5,28.22,2.97,1.85,
2025-07-22 18:30:00+08:00,0.0,2274.9,0.0,0.0,5554.3,1964.9,139.1,0.0,218.5,41.5,0.0,0.0,0.0,10193.2,28.1,2.98,1.88,
2025-07-22 18:40:00+08:00,0.0,2278.4,0.0,0.0,5559.099999999999,1969.6,139.9,0.0,218.8,43.1,0.0,0.0,0.0,10208.9,28.02,3.25,1.88,
2025-07-22 18:50:00+08:00,0.0,2276.9,0.0,0.0,5555.4,1972.4,139.1,0.0,218.4,32.1,0.0,0.0,0.0,10194.3,27.92,3.35,1.88,
2025-07-22 19:00:00+08:00,0.0,2274.3,0.0,0.0,5565.5,1972.9,139.1,0.0,218.7,36.1,0.0,0.0,0.0,10206.600000000002,27.8,3.25,1.88,
2025-07-22 19:10:00+08:00,0.0,2276.1000000000004,0.0,0.0,5563.9,1974.3,141.5,0.0,218.8,37.5,0.0,0.0,0.0,10212.1,27.72,3.17,1.88,
2025-07-22 19:20:00+08:00,0.0,2280.9,0.0,0.0,5564.7,1971.4,139.1,0.0,218.4,34.2,0.0,0.0,0.0,10208.7,27.63,3.35,1.88,
2025-07-22 19:30:00+08:00,0.0,2278.0,0.0,0.0,5559.4,1974.7,139.1,0.0,219.0,41.3,0.0,0.0,0.0,10211.5,27.47,3.68,1.88,
2025-07-22 19:40:00+08:00,0.0,2273.7,0.0,0.0,5563.6,1974.7,139.1,0.0,218.0,39.4,0.0,0.0,0.0,10208.5,27.4,3.33,1.88,
2025-07-22 19:50:00+08:00,0.0,2271.6,0.0,0.0,5556.5,1973.9,139.9,0.0,217.8,40.1,0.0,0.0,0.0,10199.8,27.38,3.42,1.88,
2025-07-22 20:00:00+08:00,0.0,2270.5,0.0,0.0,5558.3,1910.6,139.9,0.0,217.7,39.7,0.0,0.0,0.0,10136.7,27.32,3.48,1.88,
2025-07-22 20:10:00+08:00,0.0,2272.8,0.0,0.0,5561.5,1874.8,139.9,0.0,195.6,35.3,0.0,0.0,0.0,10079.9,27.33,3.5,1.88,
2025-07-22 20:20:00+08:00,0.0,2269.0,0.0,0.0,5562.1,1872.7,139.9,0.0,195.5,32.5,0.0,0.0,0.0,10071.7,27.33,3.67,1.88,
2025-07-22 20:30:00+08:00,0.0,2269.8,0.0,0.0,5552.0,1867.9,139.9,0.0,195.4,33.0,0.0,0.0,0.0,10058.0,27.45,3.52,1.88,
2025-07-22 20:40:00+08:00,0.0,2270.0,0.0,0.0,5552.3,1869.5,139.1,0.0,123.7,32.9,0.0,0.0,0.0,9987.5,27.48,3.5,1.88,
2025-07-22 20:50:00+08:00,0.0,2269.4,0.0,0.0,5551.1,1873.7,139.9,0.0,124.1,34.400000000000006,0.0,0.0,0.0,9992.6,27.4,3.6,1.88,
2025-07-22 21:00:00+08:00,0.0,2266.5,0.0,0.0,5535.4,1867.0,139.9,0.0,130.7,40.5,0.0,0.0,0.0,9980.0,27.32,3.67,1.88,
2025-07-22 21:10:00+08:00,0.0,2268.7,0.0,0.0,5560.5,1340.0,139.1,0.0,137.8,37.1,0.0,0.0,0.0,9483.2,27.22,2.95,1.88,
2025-07-22 21:20:00+08:00,0.0,2276.5,0.0,0.0,5562.4,1235.9,139.1,0.0,137.6,36.7,0.0,0.0,0.0,9388.2,27.27,3.25,1.88,
2025-07-22 21:30:00+08:00,0.0,2270.7,0.0,0.0,5565.1,1235.5,139.1,0.0,137.5,40.2,0.0,0.0,0.0,9388.1,27.33,3.53,1.88,
2025-07-22 21:40:00+08:00,0.0,2266.6,0.0,0.0,5557.2,1232.7,139.1,0.0,137.4,40.1,0.0,0.0,0.0,9373.1,27.17,3.7,1.88,
2025-07-22 21:50:00+08:00,0.0,2271.3,0.0,0.0,5549.5,1232.6,139.1,0.0,136.2,46.6,0.0,0.0,0.0,9375.3,26.95,3.68,1.88,
2025-07-22 22:00:00+08:00,0.0,2272.6,0.0,0.0,5566.8,1232.1,138.3,0.0,135.89999999999998,41.1,0.0,0.0,0.0,9386.8,26.93,3.52,1.88,
2025-07-22 22:10:00+08:00,0.0,2274.5,0.0,0.0,5565.3,1240.7,139.1,0.0,135.5,43.5,0.0,0.0,0.0,9398.6,26.97,3.3,1.88,
2025-07-22 22:20:00+08:00,0.0,2272.5,0.0,0.0,5557.9,1235.9,139.9,0.0,134.8,40.8,0.0,0.0,0.0,9381.799999999996,26.95,3.35,1.88,
2025-07-22 22:30:00+08:00,0.0,2276.7,0.0,0.0,5575.0,1231.9,140.7,0.0,134.9,42.9,0.0,0.0,0.0,9402.1,27.0,3.37,1.88,
2025-07-22 22:40:00+08:00,0.0,2268.6,0.0,0.0,5564.5,1227.1,139.1,0.0,134.4,36.6,0.0,0.0,0.0,9370.3,27.03,3.38,1.88,
2025-07-22 22:50:00+08:00,0.0,2272.8,0.0,0.0,5559.2,1234.8000000000002,139.9,0.0,135.3,34.099999999999994,0.0,0.0,0.0,9376.1,26.97,3.33,1.88,
2025-07-22 23:00:00+08:00,0.0,2270.7,0.0,0.0,5565.900000000001,1232.5,139.1,0.0,134.2,36.7,0.0,0.0,0.0,9379.100000000002,27.0,3.32,1.88,
2025-07-22 23:10:00+08:00,0.0,2275.7,0.0,0.0,5563.2,1237.9,140.7,0.0,134.6,36.9,0.0,0.0,0.0,9389.0,26.93,3.5,1.88,
2025-07-22 23:20:00+08:00,0.0,2274.9,0.0,0.0,5564.6,1233.3,141.5,0.0,123.5,38.7,0.0,0.0,0.0,9376.5,26.93,3.45,1.88,
2025-07-22 23:30:00+08:00,0.0,2269.6,0.0,0.0,5562.3,1232.8,139.1,0.0,124.3,42.2,0.0,0.0,0.0,9370.3,26.95,3.3,1.88,
2025-07-22 23:40:00+08:00,0.0,2270.8,0.0,0.0,5486.5,1232.4,140.7,0.0,124.3,40.5,0.0,0.0,0.0,9295.2,26.93,3.3,1.88,
2025-07-22 23:50:00+08:00,0.0,2273.5,0.0,0.0,5435.1,1240.9,139.9,0.0,123.9,44.1,0.0,0.0,0.0,9257.4,26.93,3.3,1.88,
2025-07-23 00:00:00+08:00,0.0,2273.6,0.0,0.0,5410.9,1247.8,139.9,0.0,123.6,46.1,0.0,0.0,0.0,9241.9,26.85,3.45,1.88,
2025-07-23 00:10:00+08:00,0.0,2279.8,0.0,0.0,5524.7,1247.6,139.1,0.0,124.8,41.8,0.0,0.0,0.0,9357.8,26.85,3.45,1.88,
2025-07-23 00:20:00+08:00,0.0,2273.4,0.0,0.0,5508.9,1258.7,138.3,0.0,123.9,41.3,0.0,0.0,0.0,9344.499999999998,26.85,3.45,1.88,
2025-07-23 00:30:00+08:00,0.0,2277.5,0.0,0.0,5513.7,1253.0,139.9,0.0,124.4,38.900000000000006,0.0,0.0,0.0,9347.4,26.9,3.98,0.0,
2025-07-23 00:40:00+08:00,0.0,2271.0,0.0,0.0,5520.6,1241.3,139.1,0.0,124.0,38.6,0.0,0.0,0.0,9334.6,26.78,3.92,0.0,
2025-07-23 00:50:00+08:00,0.0,2276.1,0.0,0.0,5491.3,1235.5,139.1,0.0,123.8,39.2,0.0,0.0,0.0,9305.0,26.77,3.32,0.0,
2025-07-23 01:00:00+08:00,0.0,2273.0,0.0,0.0,5512.4,1267.9,139.9,0.0,123.4,42.6,0.0,0.0,0.0,9359.2,26.73,3.63,0.0,
2025-07-23 01:10:00+08:00,0.0,2268.7,0.0,0.0,5494.9,1250.6,140.7,0.0,124.1,42.0,0.0,0.0,0.0,9321.0,26.73,3.63,0.0,
2025-07-23 01:20:00+08:00,0.0,2269.7,0.0,0.0,5493.7,1231.5,139.9,0.0,123.7,44.1,0.0,0.0,0.0,9302.6,26.62,3.58,0.0,
2025-07-23 01:30:00+08:00,0.0,2267.3,0.0,0.0,5429.4,1238.8,140.7,0.0,125.5,47.6,0.0,0.0,0.0,9249.3,26.6,3.58,0.0,
2025-07-23 01:40:00+08:00,0.0,2266.8,0.0,0.0,5411.8,1232.5,139.1,0.0,122.6,44.7,0.0,0.0,0.0,9217.500000000002,26.58,3.83,0.0,
2025-07-23 01:50:00+08:00,0.0,2269.8,0.0,0.0,5501.5,1229.7,140.7,0.0,123.2,42.4,0.0,0.0,0.0,9307.3,26.63,3.68,0.0,
2025-07-23 02:00:00+08:00,0.0,2270.7,0.0,0.0,5423.0,1239.2,139.9,0.0,124.0,44.400000000000006,0.0,0.0,0.0,9241.2,26.47,3.27,0.0,
2025-07-23 02:10:00+08:00,0.0,2270.5,0.0,0.0,5212.9,1236.2,139.9,0.0,123.1,45.7,0.0,0.0,0.0,9028.3,26.47,3.27,0.0,
2025-07-23 02:20:00+08:00,0.0,2269.5,0.0,0.0,5336.4,1218.0,139.9,0.0,122.6,41.5,0.0,0.0,0.0,9127.9,26.35,3.23,0.0,
2025-07-23 02:30:00+08:00,0.0,2279.8,0.0,0.0,5233.2,1191.7,139.9,0.0,122.4,45.1,0.0,0.0,0.0,9012.1,26.33,3.03,0.0,
2025-07-23 02:40:00+08:00,0.0,2274.7,0.0,0.0,5385.0,1201.2,139.1,0.0,123.1,40.0,0.0,0.0,0.0,9163.1,26.22,3.1,0.0,
2025-07-23 02:50:00+08:00,0.0,2272.9,0.0,0.0,5400.8,1192.1,140.7,0.0,122.3,42.3,0.0,0.0,0.0,9171.1,26.17,2.73,0.0,
2025-07-23 03:00:00+08:00,0.0,2275.3,0.0,0.0,5395.7,1221.0,140.7,0.0,123.3,42.6,0.0,0.0,0.0,9198.6,26.1,2.67,0.0,
2025-07-23 03:10:00+08:00,0.0,2272.4,0.0,0.0,5459.5,1195.2,140.7,0.0,123.7,45.7,0.0,0.0,0.0,9237.200000000004,26.13,2.6,0.0,
2025-07-23 03:20:00+08:00,0.0,2272.6,0.0,0.0,5357.4,1194.6,140.7,0.0,123.2,43.3,0.0,0.0,0.0,9131.8,26.05,2.35,0.0,
2025-07-23 03:30:00+08:00,0.0,2280.8,0.0,0.0,5383.3,1213.4,140.7,0.0,123.6,38.1,0.0,0.0,0.0,9179.9,26.07,2.52,0.0,
2025-07-23 03:40:00+08:00,0.0,2274.6,0.0,0.0,5354.7,1189.9,140.7,0.0,122.3,39.2,0.0,0.0,0.0,9121.4,26.17,2.62,0.0,
2025-07-23 03:50:00+08:00,0.0,2272.0,0.0,0.0,5412.3,1195.4,139.9,0.0,122.4,34.1,0.0,0.0,0.0,9176.1,26.17,2.97,0.0,
2025-07-23 04:00:00+08:00,0.0,2264.5,0.0,0.0,5379.3,1138.5,139.9,0.0,123.2,30.8,0.0,0.0,0.0,9076.2,26.1,2.73,0.0,
2025-07-23 04:10:00+08:00,0.0,2269.5,0.0,0.0,5444.0,1066.6999999999998,139.9,0.0,123.1,34.6,0.0,0.0,0.0,9077.8,26.1,2.83,0.0,
2025-07-23 04:20:00+08:00,0.0,2272.7,0.0,0.0,5372.3,1064.5,139.9,0.0,122.0,37.5,0.0,0.0,0.0,9008.9,26.03,2.75,0.0,
2025-07-23 04:30:00+08:00,0.0,2265.8,0.0,0.0,5336.4,1088.4,139.9,0.0,122.8,37.8,0.0,0.0,0.0,8991.099999999999,26.03,2.3,0.0,
2025-07-23 04:40:00+08:00,0.0,2264.5,0.0,0.0,5186.2,1213.3000000000002,139.9,0.0,121.8,41.1,0.0,0.0,0.0,8966.8,25.98,2.23,0.0,
2025-07-23 04:50:00+08:00,0.0,2260.1,0.0,0.0,5264.8,1287.5,140.7,0.0,121.3,40.8,0.0,0.0,0.0,9115.2,26.02,2.72,0.0,
2025-07-23 05:00:00+08:00,0.0,2263.9,0.0,0.0,5306.7,1229.6,140.7,0.0,122.8,38.1,0.0,0.0,0.0,9101.8,26.0,3.08,0.0,
2025-07-23 05:10:00+08:00,0.0,2259.6,0.0,0.0,5166.2,1180.6,140.7,0.0,121.9,36.7,0.0,0.0,0.0,8905.7,25.95,2.97,0.0,
2025-07-23 05:20:00+08:00,0.0,2260.2,0.0,0.0,5157.1,1182.8,140.7,0.0,121.3,37.2,0.0,0.0,0.0,8899.300000000001,26.0,3.1,0.0,
2025-07-23 05:30:00+08:00,0.0,2263.9,0.0,0.0,5185.6,1182.5,141.5,0.0,122.1,36.5,0.0,0.0,0.0,8932.1,26.0,3.22,0.0,
2025-07-23 05:40:00+08:00,0.0,2264.0,0.0,0.0,5179.8,1183.7,141.5,0.0,122.1,38.8,0.0,0.0,0.0,8929.9,25.95,3.47,0.0,
2025-07-23 05:50:00+08:00,0.0,2261.8,0.0,0.0,5139.6,1182.7,140.7,0.0,121.6,34.5,0.0,0.0,0.0,8880.900000000001,25.95,3.42,0.02,
2025-07-23 06:00:00+08:00,0.0,2265.7,0.0,0.0,5137.6,1182.6,140.7,0.0,97.1,37.9,0.0,0.0,0.0,8861.6,26.0,3.42,0.07,
2025-07-23 06:10:00+08:00,0.0,2272.9,0.0,0.0,5192.7,1182.0,141.5,0.0,96.4,34.5,0.0,0.0,0.0,8919.999999999998,26.1,3.4,0.12,
2025-07-23 06:20:00+08:00,0.0,2270.4,0.0,0.0,5257.8,1182.3,141.5,0.0,96.7,35.9,0.0,0.0,0.0,8984.6,26.13,3.3,0.15,
2025-07-23 06:30:00+08:00,0.0,2265.7,0.0,0.0,5148.5,1182.9,139.9,0.0,96.6,40.4,0.0,0.0,0.0,8874.0,26.23,3.15,0.23,
2025-07-23 06:40:00+08:00,0.0,2275.5,0.0,0.0,5239.8,1101.3,139.9,0.0,96.8,40.5,0.0,0.0,0.0,8893.8,26.38,3.3,0.32,
2025-07-23 06:50:00+08:00,0.0,2274.2,0.0,0.0,5198.9,1103.3,140.7,0.0,97.1,40.0,0.0,0.0,0.0,8854.2,26.57,3.48,0.42,
2025-07-23 07:00:00+08:00,0.0,2270.4,0.0,0.0,5163.5,1102.6,139.9,0.0,97.1,36.5,0.0,0.0,0.0,8810.0,26.75,3.52,0.55,
2025-07-23 07:10:00+08:00,0.0,2282.6000000000004,0.0,0.0,5410.9,1156.1,140.7,0.0,97.2,40.9,0.0,0.0,0.0,9128.4,26.88,3.28,0.63,
2025-07-23 07:20:00+08:00,0.0,2275.7,0.0,0.0,5363.2,1164.9,139.9,0.0,96.4,34.7,0.0,0.0,0.0,9074.8,27.02,3.33,0.72,
2025-07-23 07:30:00+08:00,0.0,2282.2,0.0,0.0,5390.9,1228.3,139.9,0.0,96.9,29.3,0.0,0.0,0.0,9167.499999999998,27.28,2.95,0.85,
2025-07-23 07:40:00+08:00,0.0,2278.9,0.0,0.0,5383.2,1333.9,139.1,0.0,97.3,31.5,0.0,0.0,0.0,9263.9,27.65,3.22,0.97,
2025-07-23 07:50:00+08:00,0.0,2274.7,0.0,0.0,5196.0,1534.8,141.5,0.0,96.7,36.5,0.0,0.0,0.0,9280.2,27.92,3.52,1.1,
2025-07-23 08:00:00+08:00,0.0,2277.9,0.0,0.0,5403.4,1732.2,140.7,0.0,96.9,37.3,0.0,0.0,0.0,9688.4,28.05,3.85,1.23,
2025-07-23 08:10:00+08:00,0.0,2273.6,0.0,0.0,5298.2,1906.0,140.7,0.0,95.8,32.7,0.0,0.0,0.0,9747.0,28.3,3.87,1.35,
2025-07-23 08:20:00+08:00,0.0,2275.3,0.0,0.0,5290.4,1886.6,141.5,0.0,93.8,41.3,0.0,0.0,0.0,9728.899999999998,28.55,4.05,1.48,
2025-07-23 08:30:00+08:00,0.0,2277.0,0.0,0.0,5421.9,1881.5,139.9,0.0,93.5,41.0,0.0,0.0,0.0,9854.8,28.8,3.78,1.63,
2025-07-23 08:40:00+08:00,0.0,2272.1,0.0,0.0,5381.4,1879.5,141.5,0.0,93.8,35.6,0.0,0.0,0.0,9803.9,28.93,3.78,1.75,
2025-07-23 08:50:00+08:00,0.0,2274.6,0.0,0.0,5401.8,1877.3,139.9,0.0,85.9,40.3,0.0,0.0,0.0,9819.799999999996,29.18,3.78,1.9,
2025-07-23 09:00:00+08:00,0.0,2272.3,0.0,0.0,5262.8,1791.9,139.9,0.0,71.1,42.5,0.0,0.0,0.0,9580.5,29.43,4.08,2.07,
2025-07-23 09:10:00+08:00,0.0,2271.8,0.0,0.0,5191.2,1791.4,140.7,0.0,62.2,47.6,0.0,0.0,0.0,9504.9,29.58,4.25,2.18,
2025-07-23 09:20:00+08:00,0.0,2275.4,0.0,0.0,5284.0,1790.3000000000002,141.5,0.0,62.2,43.6,0.0,0.0,0.0,9597.000000000002,29.73,4.3,2.32,
2025-07-23 09:30:00+08:00,0.0,2269.7,0.0,0.0,5227.599999999999,1790.3000000000002,141.5,0.0,62.2,41.1,0.0,0.0,0.0,9532.4,29.92,4.03,2.47,
2025-07-23 09:40:00+08:00,0.0,2270.2,0.0,0.0,5360.9,1803.2,141.5,0.0,92.2,44.4,0.0,0.0,0.0,9712.4,30.03,4.32,2.58,
2025-07-23 09:50:00+08:00,0.0,2271.1,0.0,0.0,5309.1,1802.7,139.9,0.0,94.0,43.1,0.0,0.0,0.0,9659.9,30.18,3.85,2.7,
2025-07-23 10:00:00+08:00,0.0,2264.9,0.0,0.0,5296.2,1775.0,140.7,0.0,90.2,39.900000000000006,0.0,0.0,0.0,9606.9,30.35,4.2,2.87,
2025-07-23 10:10:00+08:00,0.0,2262.1000000000004,0.0,0.0,5337.3,1747.3000000000002,140.7,0.0,96.2,45.900000000000006,0.0,0.0,0.0,9629.500000000002,30.43,4.47,3.0,
2025-07-23 10:20:00+08:00,0.0,2261.3,0.0,0.0,5356.0,1754.8000000000002,141.5,0.0,94.7,38.3,0.0,0.0,0.0,9646.6,30.47,4.57,3.13,
2025-07-23 10:30:00+08:00,0.0,2262.2,0.0,0.0,5407.5,1738.5,141.5,0.0,94.9,41.2,0.0,0.0,0.0,9685.8,30.58,4.28,3.27,
2025-07-23 10:40:00+08:00,0.0,2264.9,0.0,0.0,5330.6,1728.3,140.7,0.0,93.5,42.8,0.0,0.0,0.0,9600.8,30.72,4.85,3.37,
2025-07-23 10:50:00+08:00,0.0,2262.7,0.0,0.0,5483.1,1719.8,140.7,0.0,92.6,43.7,0.0,0.0,0.0,9742.600000000002,30.92,4.57,3.5,
2025-07-23 11:00:00+08:00,0.0,2268.7,0.0,0.0,5508.9,1723.5,141.5,0.0,92.0,40.4,0.0,0.0,0.0,9774.999999999998,30.92,4.92,3.62,
2025-07-23 11:10:00+08:00,0.0,2274.1,0.0,0.0,5640.5,1719.7,140.7,0.0,92.0,40.8,0.0,0.0,0.0,9907.8,31.07,5.02,3.77,
2025-07-23 11:20:00+08:00,0.0,2268.9,0.0,0.0,5677.4,1720.0,140.7,0.0,91.5,36.3,0.0,0.0,0.0,9934.8,31.1,4.93,3.88,
2025-07-23 11:30:00+08:00,0.0,2271.1,0.0,0.0,5826.4,1719.2,140.7,0.0,91.6,40.7,0.0,0.0,0.0,10089.700000000004,31.17,4.98,4.02,
2025-07-23 11:40:00+08:00,0.0,2278.1,0.0,0.0,5866.6,1706.6,140.7,0.0,91.6,43.0,0.0,0.0,0.0,10126.600000000002,31.18,4.95,4.13,
2025-07-23 11:50:00+08:00,0.0,2276.0,0.0,0.0,5895.3,1708.5,140.7,0.0,91.9,40.4,0.0,0.0,0.0,10152.8,31.32,4.95,4.25,
2025-07-23 12:00:00+08:00,0.0,2266.0,0.0,0.0,5706.9,1703.2,141.5,0.0,92.0,45.2,0.0,0.0,0.0,9954.8,31.62,4.7,4.36,
2025-07-23 12:10:00+08:00,0.0,2269.4,0.0,0.0,5857.7,1696.8,140.7,0.0,93.3,42.8,0.0,0.0,0.0,10100.7,31.32,5.15,4.52,
2025-07-23 12:20:00+08:00,0.0,2265.2,0.0,0.0,5656.0,1704.7,140.7,0.0,93.6,50.6,0.0,0.0,0.0,9910.8,31.5,4.92,4.63,
2025-07-23 12:30:00+08:00,0.0,2266.9,0.0,0.0,5843.5,1704.7,140.7,0.0,93.7,54.3,0.0,0.0,0.0,10103.8,31.67,5.0,4.8,
2025-07-23 12:40:00+08:00,0.0,2266.7,0.0,0.0,5822.9,1700.7,140.7,0.0,94.0,50.3,0.0,0.0,0.0,10075.3,31.62,4.88,4.95,
2025-07-23 12:50:00+08:00,0.0,2270.9,0.0,0.0,5748.0,1700.6,139.9,0.0,93.8,49.7,0.0,0.0,0.0,10002.9,31.53,4.93,5.07,
2025-07-23 13:00:00+08:00,0.0,2273.0,0.0,0.0,5839.0,1735.2,140.7,0.0,92.7,52.400000000000006,0.0,0.0,0.0,10133.000000000002,31.47,4.8,5.18,
2025-07-23 13:10:00+08:00,0.0,2273.5,0.0,0.0,5847.9,1755.8,140.7,0.0,92.1,47.400000000000006,0.0,0.0,0.0,10157.4,31.52,4.73,5.33,
2025-07-23 13:20:00+08:00,0.0,2268.9,0.0,0.0,5816.3,1742.4,139.9,0.0,92.1,47.8,0.0,0.0,0.0,10107.4,31.58,4.82,5.48,
2025-07-23 13:30:00+08:00,0.0,2269.1,0.0,0.0,5614.9,1725.5,139.9,0.0,86.1,49.0,0.0,0.0,0.0,9884.5,31.67,4.9,5.62,
2025-07-23 13:40:00+08:00,0.0,2270.6,0.0,0.0,5647.0,1722.0,139.9,0.0,90.2,51.7,0.0,0.0,0.0,9921.4,31.7,4.7,5.77,
2025-07-23 13:50:00+08:00,0.0,2267.7,0.0,0.0,5696.8,1722.1,139.9,0.0,87.7,49.7,0.0,0.0,0.0,9963.9,31.6,5.2,5.9,
2025-07-23 14:00:00+08:00,0.0,2268.7,0.0,0.0,5661.5,1723.4,139.9,0.0,93.5,52.8,0.0,0.0,0.0,9939.8,31.67,5.02,6.05,
2025-07-23 14:10:00+08:00,0.0,2263.6,0.0,0.0,5661.8,1722.2,140.7,0.0,90.1,52.9,0.0,0.0,0.0,9931.3,31.62,5.1,6.18,
2025-07-23 14:20:00+08:00,0.0,2263.7,0.0,0.0,5692.0,1722.4,141.5,0.0,88.1,52.6,0.0,0.0,0.0,9960.3,31.43,5.37,6.32,
2025-07-23 14:30:00+08:00,0.0,2264.2,0.0,0.0,5728.3,1724.5,139.1,0.0,88.7,53.5,0.0,0.0,0.0,9998.3,31.28,4.88,6.47,
2025-07-23 14:40:00+08:00,0.0,2265.8,0.0,0.0,5854.5,1721.0,139.1,0.0,88.69999999999999,54.1,0.0,0.0,0.0,10123.2,31.4,5.13,6.62,4.5
2025-07-23 14:50:00+08:00,0.0,2267.1,0.0,0.0,5929.7,1734.5,139.1,0.0,89.1,52.0,0.0,0.0,0.0,10211.5,31.33,4.85,6.73,4.5
2025-07-23 15:00:00+08:00,0.0,2264.4,0.0,0.0,5911.0,1737.9,139.9,0.0,90.8,52.4,0.0,0.0,0.0,10196.399999999998,31.07,4.48,7.0,4.5
2025-07-23 15:10:00+08:00,0.0,2261.1,0.0,0.0,5822.0,1728.4,139.9,0.0,112.8,51.5,0.0,0.0,0.0,10115.7,31.07,4.48,7.0,4.5
2025-07-23 15:20:00+08:00,0.0,2262.3,0.0,0.0,5846.7,1730.6,139.1,0.0,111.8,54.0,0.0,0.0,0.0,10144.5,30.77,4.8,7.25,4.5
2025-07-23 15:30:00+08:00,0.0,2264.3,0.0,0.0,5859.9,1728.2,139.1,0.0,165.4,54.2,0.0,0.0,0.0,10211.1,32.43,4.59,8.53,2.61
2025-07-23 15:40:00+08:00,0.0,2261.2,0.0,0.0,5884.9,1728.4,139.9,0.0,165.60000000000002,53.9,0.0,0.0,0.0,10233.9,32.34,4.59,8.8,2.61
2025-07-23 15:50:00+08:00,0.0,2257.7,0.0,0.0,5952.3,1736.4,139.1,0.0,171.2,53.8,0.0,0.0,0.0,10310.5,32.21,4.62,8.97,2.61
2025-07-23 16:00:00+08:00,0.0,2254.8,0.0,0.0,5846.4,1729.4,139.9,0.0,207.7,54.1,0.0,0.0,0.0,10232.3,31.84,4.8,9.07,2.61
2025-07-23 16:10:00+08:00,0.0,2257.1,0.0,0.0,5920.3,1734.8,138.3,0.0,218.1,55.1,0.0,0.0,0.0,10323.7,31.84,4.8,9.07,2.61
2025-07-23 16:20:00+08:00,0.0,2262.0,0.0,0.0,5967.8,1741.4,139.1,0.0,218.4,55.0,0.0,0.0,0.0,10383.7,31.47,4.5,9.3,2.61
2025-07-23 16:30:00+08:00,0.0,2263.3,0.0,0.0,5962.0,1748.1,138.3,0.0,218.2,52.6,0.0,0.0,0.0,10382.5,31.47,4.5,9.3,2.61
2025-07-23 16:40:00+08:00,0.0,2258.6,0.0,0.0,5953.8,1750.4,139.1,0.0,217.8,55.4,0.0,0.0,0.0,10375.1,31.22,4.62,9.48,2.61
2025-07-23 16:50:00+08:00,0.0,2265.9,0.0,0.0,5903.6,1762.1,139.1,0.0,218.0,53.7,0.0,0.0,0.0,10342.4,30.97,4.51,9.63,2.61
2025-07-23 17:00:00+08:00,0.0,2257.0,0.0,0.0,5773.2,1778.3000000000002,139.1,0.0,216.3,49.8,0.0,0.0,0.0,10213.7,30.97,4.51,9.63,2.61
2025-07-23 17:10:00+08:00,0.0,2259.0,0.0,0.0,5684.9,1787.8,139.9,0.0,216.8,51.8,0.0,0.0,0.0,10140.199999999995,30.61,4.31,9.7,2.61
2025-07-23 17:20:00+08:00,0.0,2262.7,0.0,0.0,5694.6,1791.9,139.1,0.0,216.8,54.5,0.0,0.0,0.0,10159.6,30.1,4.11,9.85,2.61
2025-07-23 17:30:00+08:00,0.0,2260.3,0.0,0.0,5812.5,1794.2,139.1,0.0,216.9,54.3,0.0,0.0,0.0,10277.3,30.1,4.11,9.85,2.61
2025-07-23 17:40:00+08:00,0.0,2265.5,0.0,0.0,5933.8,1822.7,139.1,0.0,216.8,51.6,0.0,0.0,0.0,10429.5,29.74,4.23,9.98,2.61
2025-07-23 17:50:00+08:00,0.0,2264.7,0.0,0.0,5978.4,1858.4,138.3,0.0,216.7,51.6,0.0,0.0,0.0,10508.1,29.4,4.31,10.07,2.61
2025-07-23 18:00:00+08:00,0.0,2261.9,0.0,0.0,6071.7,1885.2,139.1,0.0,216.4,52.1,0.0,0.0,0.0,10626.4,29.4,4.31,10.07,2.61
2025-07-23 18:10:00+08:00,0.0,2259.5,0.0,0.0,6106.4,1851.9,139.1,0.0,178.6,52.400000000000006,0.0,0.0,0.0,10587.9,29.2,3.83,10.1,2.61
2025-07-23 18:20:00+08:00,0.0,2256.6,0.0,0.0,6102.0,1884.1,139.1,0.0,178.20000000000002,51.5,0.0,0.0,0.0,10611.500000000002,28.92,3.74,10.3,2.61
2025-07-23 18:30:00+08:00,0.0,2255.9,0.0,0.0,6101.8,1889.4,140.7,0.0,194.4,42.6,0.0,0.0,0.0,10624.8,28.92,3.74,10.3,2.61
2025-07-23 18:40:00+08:00,0.0,2256.9,0.0,0.0,6110.200000000001,1913.2,139.1,0.0,196.2,33.1,0.0,0.0,0.0,10648.700000000004,28.73,3.8,10.32,2.61
2025-07-23 18:50:00+08:00,0.0,2258.4,0.0,0.0,6115.4,1966.5,139.9,0.0,205.7,32.3,0.0,0.0,0.0,10718.2,28.54,3.53,10.32,2.61
2025-07-23 19:00:00+08:00,0.0,2260.9,0.0,0.0,6123.1,1971.7,140.7,0.0,216.8,28.3,0.0,0.0,0.0,10741.5,28.54,3.53,10.32,2.61
2025-07-23 19:10:00+08:00,0.0,2260.9,0.0,0.0,6378.6,1891.7,139.9,0.0,216.3,24.5,0.0,0.0,0.0,10911.9,28.48,3.43,10.32,2.61
2025-07-23 19:20:00+08:00,0.0,2252.7,0.0,0.0,6386.8,1890.3,139.1,0.0,215.8,28.200000000000003,0.0,0.0,0.0,10912.9,28.34,3.32,10.32,2.61
2025-07-23 19:30:00+08:00,0.0,2260.9,0.0,0.0,6382.2,1892.6,139.9,0.0,214.7,24.4,0.0,0.0,0.0,10914.7,28.34,3.32,10.32,2.61
2025-07-23 19:40:00+08:00,0.0,2261.4,0.0,0.0,6388.799999999999,1892.8,140.7,0.0,216.6,19.4,0.0,0.0,0.0,10919.7,28.33,3.43,10.32,2.61
2025-07-23 19:50:00+08:00,0.0,2257.6,0.0,0.0,6385.3,1890.2,139.9,0.0,216.0,22.1,0.0,0.0,0.0,10911.1,28.26,3.54,10.32,2.61
2025-07-23 20:00:00+08:00,0.0,2256.8,0.0,0.0,6390.6,1889.3,140.7,0.0,215.8,25.5,0.0,0.0,0.0,10918.7,28.23,3.69,10.32,2.61
2025-07-23 20:10:00+08:00,0.0,2265.3,0.0,0.0,6404.7,1890.0,139.9,0.0,215.8,27.0,0.0,0.0,0.0,10942.7,28.23,3.69,10.32,2.61
2025-07-23 20:20:00+08:00,0.0,2263.7,0.0,0.0,6395.0,1888.5,139.9,0.0,215.7,22.3,0.0,0.0,0.0,10925.1,28.17,3.42,10.32,2.61
2025-07-23 20:30:00+08:00,0.0,2258.8,0.0,0.0,6381.4,1887.4,139.9,0.0,216.0,23.5,0.0,0.0,0.0,10907.0,28.17,3.42,10.32,2.61
2025-07-23 20:40:00+08:00,0.0,2262.8,0.0,0.0,6391.0,1888.8,140.7,0.0,144.8,27.0,0.0,0.0,0.0,10855.1,28.13,3.69,10.32,2.61
2025-07-23 20:50:00+08:00,0.0,2262.8,0.0,0.0,6392.1,1892.6,140.7,0.0,144.9,24.8,0.0,0.0,0.0,10857.9,28.17,3.49,10.32,2.61
2025-07-23 21:00:00+08:00,0.0,2265.5,0.0,0.0,6324.7,1901.2,139.9,0.0,145.2,25.700000000000003,0.0,0.0,0.0,10802.200000000004,28.17,3.49,10.32,2.61
2025-07-23 21:10:00+08:00,0.0,2265.6,0.0,0.0,6282.2,1902.6,141.5,0.0,137.1,26.2,0.0,0.0,0.0,10755.2,28.11,3.48,10.32,2.61
2025-07-23 21:20:00+08:00,0.0,2263.6,0.0,0.0,6136.5,1894.9,140.7,0.0,135.0,28.0,0.0,0.0,0.0,10598.7,28.12,3.46,10.32,2.61
2025-07-23 21:30:00+08:00,0.0,2259.8,0.0,0.0,6245.0,1894.2,140.7,0.0,126.1,26.200000000000003,0.0,0.0,0.0,10692.000000000002,28.14,3.58,10.32,2.61
2025-07-23 21:40:00+08:00,0.0,2266.0,0.0,0.0,6241.8,1906.4,140.7,0.0,129.3,30.6,0.0,0.0,0.0,10714.8,28.07,3.64,10.32,2.61
2025-07-23 21:50:00+08:00,0.0,2265.0,0.0,0.0,6270.5,1898.3,140.7,0.0,109.8,24.3,0.0,0.0,0.0,10708.6,28.01,3.73,10.32,2.61
2025-07-23 22:00:00+08:00,0.0,2269.5,0.0,0.0,6281.5,1908.3,140.7,0.0,100.3,23.8,0.0,0.0,0.0,10724.1,27.73,4.2,10.32,3.06
2025-07-23 22:10:00+08:00,0.0,2267.0,0.0,0.0,6314.5,1958.2,142.3,0.0,91.4,23.5,0.0,0.0,0.0,10796.9,27.73,4.2,10.32,3.06
2025-07-23 22:20:00+08:00,0.0,2266.6,0.0,0.0,6308.9,1892.9,141.5,0.0,87.19999999999999,19.9,0.0,0.0,0.0,10717.0,27.49,3.59,10.32,3.5
2025-07-23 22:30:00+08:00,0.0,2260.7,0.0,0.0,6225.3,1900.0,142.3,0.0,84.6,19.6,0.0,0.0,0.0,10632.5,27.49,3.59,10.32,3.5
2025-07-23 22:40:00+08:00,0.0,2263.8,0.0,0.0,6152.7,1887.2,141.5,0.0,83.3,20.8,0.0,0.0,0.0,10549.3,27.37,3.52,10.32,3.78
2025-07-23 22:50:00+08:00,0.0,2265.4,0.0,0.0,5937.0,1894.6,142.3,0.0,82.5,18.1,0.0,0.0,0.0,10339.9,27.37,3.52,10.32,3.78
2025-07-23 23:00:00+08:00,0.0,2262.9,0.0,0.0,5981.4,1896.2,140.7,0.0,82.6,21.3,0.0,0.0,0.0,10385.1,27.38,3.31,10.32,3.78
2025-07-23 23:10:00+08:00,0.0,2263.7,0.0,0.0,5933.8,1719.5,140.7,0.0,83.0,15.4,0.0,0.0,0.0,10156.1,27.14,3.0,10.32,3.78
2025-07-23 23:20:00+08:00,0.0,2265.8,0.0,0.0,6124.9,1559.9,142.3,0.0,83.3,20.3,0.0,0.0,0.0,10196.499999999998,27.01,2.64,10.32,3.78
2025-07-23 23:30:00+08:00,0.0,2267.7,0.0,0.0,6200.299999999999,1488.1,143.1,0.0,82.9,18.3,0.0,0.0,0.0,10200.4,27.01,2.64,10.32,3.78
2025-07-23 23:40:00+08:00,0.0,2259.7,0.0,0.0,6055.299999999999,1492.3000000000002,141.5,0.0,83.3,17.3,0.0,0.0,0.0,10049.399999999998,26.97,2.61,10.32,3.78
2025-07-23 23:50:00+08:00,0.0,2266.3,0.0,0.0,6108.0,1490.9,140.7,0.0,83.4,22.6,0.0,0.0,0.0,10111.9,26.89,2.38,10.32,3.78
2025-07-24 00:00:00+08:00,0.0,2270.8,0.0,0.0,5986.2,1489.1999999999998,139.1,0.0,83.8,25.2,0.0,0.0,0.0,9994.3,26.89,2.38,10.32,3.78
2025-07-24 00:10:00+08:00,0.0,2268.9,0.0,0.0,6240.5,968.3,140.7,0.0,84.3,29.0,0.0,0.0,0.0,9731.7,26.78,3.02,0.0,0.0
2025-07-24 00:20:00+08:00,0.0,2270.4,0.0,0.0,6272.4,886.8,139.9,0.0,86.8,28.9,0.0,0.0,0.0,9685.199999999995,26.77,2.96,0.0,0.0
2025-07-24 00:30:00+08:00,0.0,2268.2,0.0,0.0,6305.3,858.9000000000001,139.9,0.0,88.89999999999999,29.8,0.0,0.0,0.0,9690.999999999998,26.72,2.61,0.0,0.0
2025-07-24 00:40:00+08:00,0.0,2271.7,0.0,0.0,6228.3,870.8,139.9,0.0,90.6,29.0,0.0,0.0,0.0,9630.3,26.76,2.77,0.0,0.0
2025-07-24 00:50:00+08:00,0.0,2272.4,0.0,0.0,6135.0,857.2,139.9,0.0,90.8,28.6,0.0,0.0,0.0,9523.9,26.78,2.82,0.0,0.0
2025-07-24 01:00:00+08:00,0.0,2264.2,0.0,0.0,6052.9,880.1,139.9,0.0,91.2,27.200000000000003,0.0,0.0,0.0,9455.5,26.78,2.82,0.0,0.0
2025-07-24 01:10:00+08:00,0.0,2270.4,0.0,0.0,6051.7,897.3,140.7,0.0,91.3,32.0,0.0,0.0,0.0,9483.4,26.71,2.58,0.0,0.0
2025-07-24 01:20:00+08:00,0.0,2272.6,0.0,0.0,6044.8,895.9,139.9,0.0,91.4,31.0,0.0,0.0,0.0,9475.6,26.71,2.58,0.0,0.0
2025-07-24 01:30:00+08:00,0.0,2274.9,0.0,0.0,6039.0,896.1,139.9,0.0,91.6,27.8,0.0,0.0,0.0,9469.3,26.76,2.48,0.0,0.0
2025-07-24 01:40:00+08:00,0.0,2271.5,0.0,0.0,6043.2,853.7,139.9,0.0,91.4,18.7,0.0,0.0,0.0,9418.4,26.64,2.31,0.0,0.06
2025-07-24 01:50:00+08:00,0.0,2269.6,0.0,0.0,6046.6,899.0999999999999,139.9,0.0,91.7,19.2,0.0,0.0,0.0,9466.100000000002,26.64,2.22,0.0,0.06
2025-07-24 02:00:00+08:00,0.0,2273.6,0.0,0.0,6045.1,899.4,140.7,0.0,91.5,19.2,0.0,0.0,0.0,9469.500000000002,26.64,2.22,0.0,0.06
2025-07-24 02:10:00+08:00,0.0,2270.4,0.0,0.0,6048.700000000001,900.0,140.7,0.0,91.7,22.8,0.0,0.0,0.0,9474.3,26.67,2.28,0.0,0.12
2025-07-24 02:20:00+08:00,0.0,2269.8,0.0,0.0,6040.1,900.4,139.1,0.0,91.7,24.6,0.0,0.0,0.0,9465.700000000004,26.59,2.56,0.0,0.12
2025-07-24 02:30:00+08:00,0.0,2270.2,0.0,0.0,6050.8,899.3,139.9,0.0,91.6,25.2,0.0,0.0,0.0,9477.0,26.57,2.66,0.0,0.12
2025-07-24 02:40:00+08:00,0.0,2270.1,0.0,0.0,6045.4,898.9,139.1,0.0,91.9,21.6,0.0,0.0,0.0,9467.0,26.59,2.63,0.0,0.12
2025-07-24 02:50:00+08:00,0.0,2259.2,0.0,0.0,6038.0,870.2,139.9,0.0,92.0,19.0,0.0,0.0,0.0,9418.3,26.56,2.46,0.0,0.12
2025-07-24 03:00:00+08:00,0.0,2264.9,0.0,0.0,6051.3,899.8,139.1,0.0,92.4,18.2,0.0,0.0,0.0,9465.7,26.56,2.48,0.0,0.12
2025-07-24 03:10:00+08:00,0.0,2262.8,0.0,0.0,6050.0,899.7,140.7,0.0,92.2,14.2,0.0,0.0,0.0,9459.600000000002,26.56,2.48,0.0,0.12
2025-07-24 03:20:00+08:00,0.0,2270.0,0.0,0.0,6045.1,899.8,139.1,0.0,93.0,14.3,0.0,0.0,0.0,9461.3,26.57,2.29,0.0,0.12
2025-07-24 03:30:00+08:00,0.0,2269.0,0.0,0.0,6038.5,870.5,140.7,0.0,92.5,12.5,0.0,0.0,0.0,9423.7,26.57,2.29,0.0,0.12
2025-07-24 03:40:00+08:00,0.0,2261.3,0.0,0.0,6047.4,857.0999999999999,139.9,0.0,92.3,10.4,0.0,0.0,0.0,9408.4,26.53,1.99,0.0,0.12
2025-07-24 03:50:00+08:00,0.0,2263.8,0.0,0.0,6024.799999999999,850.5,141.5,0.0,93.1,11.6,0.0,0.0,0.0,9385.3,26.47,2.0,0.0,0.12
2025-07-24 04:00:00+08:00,0.0,2272.2,0.0,0.0,6036.1,861.5,139.1,0.0,93.2,13.1,0.0,0.0,0.0,9415.2,26.41,2.02,0.0,0.12
2025-07-24 04:10:00+08:00,0.0,2278.9,0.0,0.0,6039.3,895.5999999999999,139.9,0.0,92.7,12.1,0.0,0.0,0.0,9458.500000000002,26.48,2.21,0.0,0.19
2025-07-24 04:20:00+08:00,0.0,2269.2,0.0,0.0,6019.6,849.0,139.9,0.0,92.7,9.1,0.0,0.0,0.0,9379.5,26.46,2.31,0.0,0.33
2025-07-24 04:30:00+08:00,0.0,2271.3,0.0,0.0,6040.4,852.6,139.9,0.0,92.7,10.2,0.0,0.0,0.0,9407.100000000002,26.46,2.31,0.0,0.33
2025-07-24 04:40:00+08:00,0.0,2270.5,0.0,0.0,6039.5,885.9000000000001,139.9,0.0,92.9,10.8,0.0,0.0,0.0,9439.499999999998,26.43,1.9,0.0,0.33
2025-07-24 04:50:00+08:00,0.0,2276.5,0.0,0.0,6036.8,854.2,140.7,0.0,92.8,8.0,0.0,0.0,0.0,9409.0,26.43,1.93,0.0,0.33
2025-07-24 05:00:00+08:00,0.0,2269.0,0.0,0.0,6037.9,853.7,140.7,0.0,93.3,7.7,0.0,0.0,0.0,9402.3,26.43,1.93,0.0,0.33
2025-07-24 05:10:00+08:00,0.0,2275.3,0.0,0.0,6035.299999999999,868.5,140.7,0.0,92.6,6.1,0.0,0.0,0.0,9418.5,26.49,1.94,0.0,0.33
2025-07-24 05:20:00+08:00,0.0,2267.3,0.0,0.0,6031.9,855.9000000000001,141.5,0.0,92.9,14.9,0.0,0.0,0.0,9404.4,26.58,1.83,0.0,0.33
2025-07-24 05:30:00+08:00,0.0,2269.3,0.0,0.0,5782.2,853.8,142.3,0.0,92.8,14.2,0.0,0.0,0.0,9154.6,26.58,1.83,0.0,0.33
2025-07-24 05:40:00+08:00,0.0,2271.4,0.0,0.0,5776.0,863.5999999999999,140.7,0.0,92.3,11.8,0.0,0.0,0.0,9155.8,26.64,2.24,0.0,0.33
2025-07-24 05:50:00+08:00,0.0,2269.2,0.0,0.0,5771.0,856.1,142.3,0.0,92.7,9.1,0.0,0.0,0.0,9140.4,26.77,2.23,0.05,0.33
2025-07-24 06:00:00+08:00,0.0,2264.9,0.0,0.0,5761.4,806.5,141.5,0.0,93.3,13.2,0.0,0.0,0.0,9080.8,26.77,2.23,0.05,0.33
2025-07-24 06:10:00+08:00,0.0,2264.2,0.0,0.0,5763.0,825.1,141.5,0.0,93.1,13.9,0.0,0.0,0.0,9100.8,26.91,2.29,0.12,0.33
2025-07-24 06:20:00+08:00,0.0,2264.1,0.0,0.0,5760.5,792.8,141.5,0.0,93.4,9.6,0.0,0.0,0.0,9061.9,27.18,2.79,0.25,0.33
2025-07-24 06:30:00+08:00,0.0,2262.3,0.0,0.0,5764.200000000001,796.7,140.7,0.0,93.6,11.4,0.0,0.0,0.0,9068.9,27.18,2.79,0.25,0.33
2025-07-24 06:40:00+08:00,0.0,2261.7,0.0,0.0,5727.1,795.3,141.5,0.0,93.5,12.1,0.0,0.0,0.0,9031.2,27.58,2.71,0.37,0.33
2025-07-24 06:50:00+08:00,0.0,2264.1,0.0,0.0,5700.4,792.5,143.1,0.0,93.4,16.0,0.0,0.0,0.0,9009.5,27.78,2.89,0.45,0.33
2025-07-24 07:00:00+08:00,0.0,2271.0,0.0,0.0,5626.6,793.0,140.7,0.0,93.5,14.5,0.0,0.0,0.0,8939.300000000001,27.78,2.89,0.45,0.33
2025-07-24 07:10:00+08:00,0.0,2273.3,0.0,0.0,5586.2,840.2,140.7,0.0,93.3,13.5,0.0,0.0,0.0,8947.2,27.84,3.07,0.57,0.33
2025-07-24 07:20:00+08:00,0.0,2271.8,0.0,0.0,5610.3,857.0,140.7,0.0,93.3,21.6,0.0,0.0,0.0,8994.7,28.12,3.07,0.75,0.33
2025-07-24 07:30:00+08:00,0.0,2269.9,0.0,0.0,5506.1,918.2,140.7,0.0,93.9,37.4,0.0,0.0,0.0,8966.2,28.12,3.07,0.75,0.33
2025-07-24 07:40:00+08:00,0.0,2279.4,0.0,0.0,5614.2,1034.8,142.3,0.0,93.6,38.7,0.0,0.0,0.0,9203.0,28.5,2.84,0.92,0.33
2025-07-24 07:50:00+08:00,0.0,2277.7,0.0,0.0,5725.8,1220.9,142.3,0.0,93.5,39.7,0.0,0.0,0.0,9499.9,28.5,3.09,0.97,0.44
2025-07-24 08:00:00+08:00,0.0,2272.7,0.0,0.0,5731.7,1423.4,143.1,0.0,93.5,37.0,0.0,0.0,0.0,9701.4,28.5,3.09,0.97,0.44
2025-07-24 08:10:00+08:00,0.0,2272.5,0.0,0.0,5744.3,1436.7,141.5,0.0,93.2,39.5,0.0,0.0,0.0,9727.7,28.66,3.17,1.05,0.44
2025-07-24 08:20:00+08:00,0.0,2270.7,0.0,0.0,5743.5,1479.4,140.7,0.0,95.1,43.7,0.0,0.0,0.0,9773.100000000002,28.59,3.5,1.18,0.78
2025-07-24 08:30:00+08:00,0.0,2278.0,0.0,0.0,5746.0,1489.0,142.3,0.0,100.5,38.900000000000006,0.0,0.0,0.0,9794.7,28.59,3.5,1.18,0.78
2025-07-24 08:40:00+08:00,0.0,2277.2,0.0,0.0,5745.1,1512.3,142.3,0.0,101.5,37.0,0.0,0.0,0.0,9815.4,29.18,3.4,1.32,0.83
2025-07-24 08:50:00+08:00,0.0,2274.1,0.0,0.0,5750.4,1461.6999999999998,141.5,0.0,102.1,33.2,0.0,0.0,0.0,9763.000000000002,29.28,3.67,1.4,0.83
2025-07-24 09:00:00+08:00,0.0,2276.7,0.0,0.0,5740.2,1463.4,141.5,0.0,102.2,29.4,0.0,0.0,0.0,9753.4,29.28,3.67,1.4,0.83
2025-07-24 09:10:00+08:00,0.0,2275.2,0.0,0.0,5707.0,1460.0,142.3,0.0,102.3,26.9,0.0,0.0,0.0,9713.7,29.28,3.66,1.52,0.83
2025-07-24 09:20:00+08:00,0.0,2268.2,0.0,0.0,5702.2,1459.1999999999998,140.7,0.0,102.0,31.5,0.0,0.0,0.0,9703.8,29.33,3.77,1.72,1.28
2025-07-24 09:30:00+08:00,0.0,2269.8,0.0,0.0,5683.599999999999,1460.1,142.3,0.0,101.9,31.6,0.0,0.0,0.0,9689.3,29.33,3.77,1.72,1.28
2025-07-24 09:40:00+08:00,0.0,2273.3,0.0,0.0,5571.3,1464.6,141.5,0.0,102.0,30.0,0.0,0.0,0.0,9582.7,29.38,3.7,1.88,1.89
2025-07-24 09:50:00+08:00,0.0,2267.4,0.0,0.0,5538.9,1464.9,141.5,0.0,102.3,32.4,0.0,0.0,0.0,9547.399999999998,29.6,3.44,1.98,1.89
2025-07-24 10:00:00+08:00,0.0,2265.9,0.0,0.0,5492.7,1460.2,142.3,0.0,102.8,40.2,0.0,0.0,0.0,9504.1,29.83,3.67,2.05,2.0
2025-07-24 10:10:00+08:00,0.0,2267.9,0.0,0.0,5455.3,1432.9,142.3,0.0,63.8,42.7,0.0,0.0,0.0,9404.9,29.83,3.67,2.05,2.0
2025-07-24 10:20:00+08:00,0.0,2266.8,0.0,0.0,5591.3,1419.1,143.1,0.0,63.7,46.6,0.0,0.0,0.0,9530.600000000002,30.1,3.88,2.3,2.11
2025-07-24 10:30:00+08:00,0.0,2275.7,0.0,0.0,5533.6,1416.2,142.3,0.0,63.8,36.5,0.0,0.0,0.0,9468.1,30.1,3.88,2.3,2.11
2025-07-24 10:40:00+08:00,0.0,2273.2,0.0,0.0,5636.3,1417.8,140.7,0.0,63.8,41.8,0.0,0.0,0.0,9573.6,29.82,4.63,2.5,2.33
2025-07-24 10:50:00+08:00,0.0,2272.8,0.0,0.0,5678.400000000001,1416.1,142.3,0.0,63.8,43.400000000000006,0.0,0.0,0.0,9616.8,30.04,4.36,2.6,2.39
2025-07-24 11:00:00+08:00,0.0,2272.0,0.0,0.0,5582.1,1416.6,143.1,0.0,63.6,44.5,0.0,0.0,0.0,9521.9,30.04,4.36,2.6,2.39
2025-07-24 11:10:00+08:00,0.0,2272.4,0.0,0.0,5464.1,1411.7,141.5,0.0,63.8,46.6,0.0,0.0,0.0,9400.1,30.11,4.28,2.68,2.39
2025-07-24 11:20:00+08:00,0.0,2271.1,0.0,0.0,5434.200000000001,1416.0,142.3,0.0,69.39999999999999,50.1,0.0,0.0,0.0,9383.1,30.52,4.17,2.9,2.39
2025-07-24 11:30:00+08:00,0.0,2269.8,0.0,0.0,5426.5,1416.0,142.3,0.0,66.2,50.1,0.0,0.0,0.0,9370.9,30.52,4.17,2.9,2.39
2025-07-24 11:40:00+08:00,0.0,2270.2,0.0,0.0,5502.1,1413.5,141.5,0.0,75.5,53.5,0.0,0.0,0.0,9456.3,29.96,4.74,3.12,2.44
2025-07-24 11:50:00+08:00,0.0,2270.7,0.0,0.0,5585.0,1420.7,140.7,0.0,63.8,53.4,0.0,0.0,0.0,9534.3,30.08,4.41,3.23,2.61
2025-07-24 12:00:00+08:00,0.0,2266.0,0.0,0.0,5534.5,1421.0,141.5,0.0,63.8,54.400000000000006,0.0,0.0,0.0,9481.2,30.08,4.41,3.23,2.61
2025-07-24 12:10:00+08:00,0.0,2269.8,0.0,0.0,5682.1,1347.8000000000002,142.3,0.0,63.9,49.0,0.0,0.0,0.0,9554.9,30.5,4.17,3.48,2.72
2025-07-24 12:20:00+08:00,0.0,2271.3,0.0,0.0,5672.7,1347.4,139.9,0.0,63.7,53.3,0.0,0.0,0.0,9548.3,30.52,4.53,3.58,2.72
2025-07-24 12:30:00+08:00,0.0,2275.3,0.0,0.0,5705.1,1346.4,140.7,0.0,63.7,48.7,0.0,0.0,0.0,9579.900000000003,30.52,4.53,3.58,2.72
2025-07-24 12:40:00+08:00,0.0,2275.4,0.0,0.0,5662.6,1346.5,140.7,0.0,63.7,52.1,0.0,0.0,0.0,9541.000000000002,30.51,4.42,3.83,2.78
2025-07-24 12:50:00+08:00,0.0,2278.1,0.0,0.0,5679.7,1342.6,139.9,0.0,63.8,52.5,0.0,0.0,0.0,9556.6,30.56,4.28,3.92,2.78
2025-07-24 13:00:00+08:00,0.0,2280.7,0.0,0.0,5700.5,1338.1,140.7,0.0,63.7,49.900000000000006,0.0,0.0,0.0,9573.6,30.56,4.28,3.92,2.78
2025-07-24 13:10:00+08:00,0.0,2278.8,0.0,0.0,5641.9,1427.6,139.9,0.0,63.7,50.400000000000006,0.0,0.0,0.0,9602.3,30.3,4.09,4.07,2.83
2025-07-24 13:20:00+08:00,0.0,2274.7,0.0,0.0,5684.9,1433.2,139.9,0.0,63.6,51.5,0.0,0.0,0.0,9647.8,30.5,4.32,4.15,2.83
2025-07-24 13:30:00+08:00,0.0,2275.5,0.0,0.0,5541.1,1463.7,139.9,0.0,86.1,51.2,0.0,0.0,0.0,9557.500000000002,30.5,4.32,4.15,2.83
2025-07-24 13:40:00+08:00,0.0,2263.2,0.0,0.0,5675.5,1489.1,139.1,0.0,93.6,52.900000000000006,0.0,0.0,0.0,9713.4,30.48,4.36,4.28,2.94
2025-07-24 13:50:00+08:00,0.0,2265.0,0.0,0.0,5674.9,1488.8,139.1,0.0,91.2,51.2,0.0,0.0,0.0,9710.2,30.2,4.39,4.37,3.17
2025-07-24 14:00:00+08:00,0.0,2266.9,0.0,0.0,5640.799999999999,1485.0,138.3,0.0,91.8,49.7,0.0,0.0,0.0,9672.499999999998,30.2,4.39,4.37,3.17
2025-07-24 14:10:00+08:00,0.0,2269.6,0.0,0.0,5670.9,1496.3000000000002,139.1,0.0,98.8,52.1,0.0,0.0,0.0,9726.8,30.33,4.14,4.42,3.17
2025-07-24 14:20:00+08:00,0.0,2265.5,0.0,0.0,5592.8,1494.9,138.3,0.0,108.1,51.0,0.0,0.0,0.0,9650.6,30.09,4.17,4.53,3.22
2025-07-24 14:30:00+08:00,0.0,2265.8,0.0,0.0,5441.299999999999,1493.3,138.3,0.0,109.2,47.3,0.0,0.0,0.0,9495.2,30.09,4.17,4.53,3.22
2025-07-24 14:40:00+08:00,0.0,2271.2,0.0,0.0,5601.0,1484.4,138.3,0.0,87.2,49.0,0.0,0.0,0.0,9631.1,29.94,3.83,4.62,3.33
2025-07-24 14:50:00+08:00,0.0,2275.3,0.0,0.0,5446.0,1472.8,138.3,0.0,109.7,48.0,0.0,0.0,0.0,9490.1,29.47,3.99,4.7,3.39
2025-07-24 15:00:00+08:00,0.0,2271.7,0.0,0.0,5648.9,1476.0,139.9,0.0,109.7,44.400000000000006,0.0,0.0,0.0,9690.6,29.47,3.99,4.7,3.39
2025-07-24 15:10:00+08:00,0.0,2274.9,0.0,0.0,5667.2,1480.3000000000002,139.1,0.0,121.7,46.400000000000006,0.0,0.0,0.0,9729.600000000002,29.31,4.2,4.73,3.67
2025-07-24 15:20:00+08:00,0.0,2269.9,0.0,0.0,5637.0,1479.8,138.3,0.0,120.8,44.4,0.0,0.0,0.0,9690.199999999995,29.4,3.81,4.83,5.11
2025-07-24 15:30:00+08:00,0.0,2264.5,0.0,0.0,5572.8,1480.8,138.3,0.0,177.4,44.7,0.0,0.0,0.0,9678.5,29.4,3.81,4.83,5.11
2025-07-24 15:40:00+08:00,0.0,2270.3,0.0,0.0,5651.1,1483.9,138.3,0.0,176.9,47.9,0.0,0.0,0.0,9768.4,29.0,3.83,4.95,5.44
2025-07-24 15:50:00+08:00,0.0,2267.1,0.0,0.0,5667.3,1482.0,138.3,0.0,177.1,46.0,0.0,0.0,0.0,9777.8,28.96,4.09,5.0,6.17
2025-07-24 16:00:00+08:00,0.0,2265.1,0.0,0.0,5544.7,1477.6,137.5,0.0,208.8,46.5,0.0,0.0,0.0,9680.2,28.96,4.09,5.0,6.17
