Timestamp,Nuclear,Coal,Co-Gen,IPP-Coal,LNG,IPP-LNG,Oil,Diesel,Hydro,Wind,Solar,Other_Renewable,Storage,Total_Generation,AirTemperature,WindSpeed,SunshineDuration
2025-07-22 16:50:00+08:00,0,0,0,0,0,0,0,0,0,0,0,0,0,0,,,
2025-07-22 17:00:00+08:00,0,0,0,0,0,0,0,0,0,0,0,0,0,0,,,
2025-07-22 17:10:00+08:00,0.0,0.0,1501.5,0.0,0.0,0.0,0.0,0.0,0.0,12.0,1337.3049999999998,33.1,243.2,3127.1049999999996,,,
2025-07-22 17:20:00+08:00,0.0,0.0,1534.9,0.0,0.0,0.0,0.0,0.0,0.0,14.1,1195.593,33.4,245.0,3022.993,,,
2025-07-22 17:30:00+08:00,0.0,0.0,1569.1,0.0,0.0,0.0,0.0,0.0,0.0,13.3,1015.926,35.6,236.5,2870.426,,,
2025-07-22 17:40:00+08:00,0.0,0.0,1585.6,0.0,0.0,0.0,0.0,0.0,0.0,16.5,864.085,33.2,256.6,2755.9849999999997,,,
2025-07-22 17:50:00+08:00,0.0,0.0,1626.2,0.0,0.0,0.0,0.0,0.0,0.0,18.1,723.731,36.8,270.6,2675.431,,,
2025-07-22 18:00:00+08:00,0.0,0.0,1609.2,0.0,0.0,0.0,0.0,0.0,0.0,16.0,597.78,36.7,252.2,2511.8799999999997,,,
2025-07-22 18:10:00+08:00,0.0,0.0,1610.2,0.0,0.0,0.0,0.0,0.0,0.0,15.4,458.04200000000003,37.0,148.4,2269.0420000000004,,,
2025-07-22 18:20:00+08:00,0.0,0.0,1618.7,0.0,0.0,0.0,0.0,0.0,0.0,19.1,314.854,36.3,144.6,2133.554,,,
2025-07-22 18:30:00+08:00,0.0,0.0,1609.5,0.0,0.0,0.0,0.0,0.0,0.0,19.0,195.497,34.3,136.4,1994.6970000000001,,,
2025-07-22 18:40:00+08:00,0.0,0.0,1590.7,0.0,0.0,0.0,0.0,0.0,0.0,24.9,94.656,34.3,155.0,1899.556,,,
2025-07-22 18:50:00+08:00,0.0,0.0,1620.7,0.0,0.0,0.0,0.0,0.0,0.0,26.0,56.003,37.7,139.4,1879.803,,,
2025-07-22 19:00:00+08:00,0.0,0.0,1666.5,0.0,0.0,0.0,0.0,0.0,0.0,15.7,0.0,38.9,146.6,1867.7,,,
2025-07-22 19:10:00+08:00,0.0,0.0,1580.7,0.0,0.0,0.0,0.0,0.0,0.0,17.6,0.0,37.8,29.6,1665.6999999999998,,,
2025-07-22 19:20:00+08:00,0.0,0.0,1543.7,0.0,0.0,0.0,0.0,0.0,0.0,18.7,0.0,38.0,0.0,1600.4,,,
2025-07-22 19:30:00+08:00,0.0,0.0,1571.9,0.0,0.0,0.0,0.0,0.0,0.0,18.4,0.0,35.6,0.0,1625.9,,,
2025-07-22 19:40:00+08:00,0.0,0.0,1556.9,0.0,0.0,0.0,0.0,0.0,0.0,18.3,0.0,36.2,0.0,1611.4,,,
2025-07-22 19:50:00+08:00,0.0,0.0,1546.8,0.0,0.0,0.0,0.0,0.0,0.0,17.7,0.0,37.7,0.0,1602.2,,,
2025-07-22 20:00:00+08:00,0.0,0.0,1541.6,0.0,0.0,0.0,0.0,0.0,0.0,17.400000000000002,0.0,38.3,0.0,1597.3,,,
2025-07-22 20:10:00+08:00,0.0,0.0,1550.4,0.0,0.0,0.0,0.0,0.0,0.0,17.8,0.0,37.3,0.0,1605.5,,,
2025-07-22 20:20:00+08:00,0.0,0.0,1528.2,0.0,0.0,0.0,0.0,0.0,0.0,16.6,0.0,35.8,0.0,1580.6,,,
2025-07-22 20:30:00+08:00,0.0,0.0,1506.7,0.0,0.0,0.0,0.0,0.0,0.0,13.8,0.0,35.0,0.0,1555.5,,,
2025-07-22 20:40:00+08:00,0.0,0.0,1501.4,0.0,0.0,0.0,0.0,0.0,0.0,13.1,0.0,36.6,0.0,1551.1,,,
2025-07-22 20:50:00+08:00,0.0,0.0,1526.0,0.0,0.0,0.0,0.0,0.0,0.0,14.5,0.0,32.4,0.0,1572.9,,,
2025-07-22 21:00:00+08:00,0.0,0.0,1472.9,0.0,0.0,0.0,0.0,0.0,0.0,14.399999999999999,0.0,30.2,0.0,1517.5000000000002,,,
2025-07-22 21:10:00+08:00,0.0,0.0,1543.8,0.0,0.0,0.0,0.0,0.0,0.0,15.4,0.0,28.9,0.0,1588.1000000000001,,,
2025-07-22 21:20:00+08:00,0.0,0.0,1571.5,0.0,0.0,0.0,0.0,0.0,0.0,14.6,0.0,29.9,0.0,1616.0,,,
2025-07-22 21:30:00+08:00,0.0,0.0,1530.4,0.0,0.0,0.0,0.0,0.0,0.0,15.299999999999999,0.0,30.8,0.0,1576.5,,,
2025-07-22 21:40:00+08:00,0.0,0.0,1540.7,0.0,0.0,0.0,0.0,0.0,0.0,14.899999999999999,0.0,30.8,0.0,1586.4,,,
2025-07-22 21:50:00+08:00,0.0,0.0,1529.4,0.0,0.0,0.0,0.0,0.0,0.0,17.8,0.0,32.9,0.0,1580.1000000000001,,,
2025-07-22 22:00:00+08:00,0.0,0.0,1550.8,0.0,0.0,0.0,0.0,0.0,0.0,19.5,0.0,34.5,0.8,1605.6,,,
2025-07-22 22:10:00+08:00,0.0,0.0,1527.8,0.0,0.0,0.0,0.0,0.0,0.0,17.6,0.0,32.6,0.0,1577.9999999999998,,,
2025-07-22 22:20:00+08:00,0.0,0.0,1511.3,0.0,0.0,0.0,0.0,0.0,0.0,17.2,0.0,30.4,0.8,1559.7,,,
2025-07-22 22:30:00+08:00,0.0,0.0,1497.7,0.0,0.0,0.0,0.0,0.0,0.0,16.2,0.0,28.9,0.0,1542.8000000000002,,,
2025-07-22 22:40:00+08:00,0.0,0.0,1486.5,0.0,0.0,0.0,0.0,0.0,0.0,17.4,0.0,27.2,0.0,1531.1000000000001,,,
2025-07-22 22:50:00+08:00,0.0,0.0,1505.4,0.0,0.0,0.0,0.0,0.0,0.0,18.9,0.0,27.6,0.0,1551.9,,,
2025-07-22 23:00:00+08:00,0.0,0.0,1495.4,0.0,0.0,0.0,0.0,0.0,0.0,17.7,0.0,29.9,0.0,1543.0000000000002,,,
2025-07-22 23:10:00+08:00,0.0,0.0,1484.0,0.0,0.0,0.0,0.0,0.0,0.0,18.099999999999998,0.0,30.2,0.0,1532.3,,,
2025-07-22 23:20:00+08:00,0.0,0.0,1487.4,0.0,0.0,0.0,0.0,0.0,0.0,18.299999999999997,0.0,31.8,0.0,1537.5,,,
2025-07-22 23:30:00+08:00,0.0,0.0,1489.8,0.0,0.0,0.0,0.0,0.0,0.0,20.799999999999997,0.0,32.8,0.0,1543.3999999999999,,,
2025-07-22 23:40:00+08:00,0.0,0.0,1489.2,0.0,0.0,0.0,0.0,0.0,0.0,20.9,0.0,32.8,0.0,1542.9,,,
2025-07-22 23:50:00+08:00,0.0,0.0,1462.4,0.0,0.0,0.0,0.0,0.0,0.0,21.1,0.0,33.6,0.0,1517.1,,,
2025-07-23 00:00:00+08:00,0.0,0.0,1461.5,0.0,0.0,0.0,0.0,0.0,0.0,19.8,0.0,34.6,0.0,1515.8999999999999,,,
2025-07-23 00:10:00+08:00,0.0,0.0,1459.2,0.0,0.0,0.0,0.0,0.0,0.0,20.4,0.0,35.6,15.4,1530.6000000000001,,,
2025-07-23 00:20:00+08:00,0.0,0.0,1344.2,0.0,0.0,0.0,0.0,0.0,0.0,18.099999999999998,0.0,36.0,9.6,1407.8999999999999,,,
2025-07-23 00:30:00+08:00,0.0,0.0,1322.2,0.0,0.0,0.0,0.0,0.0,0.0,17.9,0.0,34.1,16.4,1390.6000000000001,,,
2025-07-23 00:40:00+08:00,0.0,0.0,1284.3,0.0,0.0,0.0,0.0,0.0,0.0,19.3,0.0,32.7,0.0,1336.3,,,
2025-07-23 00:50:00+08:00,0.0,0.0,1296.7,0.0,0.0,0.0,0.0,0.0,0.0,20.2,0.0,32.3,7.7,1356.9,,,
2025-07-23 01:00:00+08:00,0.0,0.0,1235.4,0.0,0.0,0.0,0.0,0.0,0.0,21.6,0.0,33.3,0.0,1290.3,,,
2025-07-23 01:10:00+08:00,0.0,0.0,1218.7,0.0,0.0,0.0,0.0,0.0,0.0,19.799999999999997,0.0,34.1,0.0,1272.6,,,
2025-07-23 01:20:00+08:00,0.0,0.0,1187.1,0.0,0.0,0.0,0.0,0.0,0.0,21.599999999999998,0.0,34.8,0.0,1243.4999999999998,,,
2025-07-23 01:30:00+08:00,0.0,0.0,1172.1,0.0,0.0,0.0,0.0,0.0,0.0,19.200000000000003,0.0,33.9,0.0,1225.2,,,
2025-07-23 01:40:00+08:00,0.0,0.0,1121.1,0.0,0.0,0.0,0.0,0.0,0.0,18.5,0.0,35.4,0.0,1175.0,,,
2025-07-23 01:50:00+08:00,0.0,0.0,1152.8,0.0,0.0,0.0,0.0,0.0,0.0,19.3,0.0,37.7,0.0,1209.8,,,
2025-07-23 02:00:00+08:00,0.0,0.0,1136.8,0.0,0.0,0.0,0.0,0.0,0.0,15.9,0.0,35.6,0.0,1188.3,,,
2025-07-23 02:10:00+08:00,0.0,0.0,1123.7,0.0,0.0,0.0,0.0,0.0,0.0,18.1,0.0,34.5,0.0,1176.3,,,
2025-07-23 02:20:00+08:00,0.0,0.0,1131.4,0.0,0.0,0.0,0.0,0.0,0.0,14.299999999999999,0.0,33.2,0.0,1178.9,,,
2025-07-23 02:30:00+08:00,0.0,0.0,1204.8,0.0,0.0,0.0,0.0,0.0,0.0,14.0,0.0,33.2,38.0,1290.0,,,
2025-07-23 02:40:00+08:00,0.0,0.0,1170.4,0.0,0.0,0.0,0.0,0.0,0.0,13.5,0.0,30.4,0.0,1214.3000000000002,,,
2025-07-23 02:50:00+08:00,0.0,0.0,1155.2,0.0,0.0,0.0,0.0,0.0,0.0,13.9,0.0,28.2,4.0,1201.3000000000002,,,
2025-07-23 03:00:00+08:00,0.0,0.0,1130.3,0.0,0.0,0.0,0.0,0.0,0.0,14.1,0.0,26.5,2.8,1173.6999999999998,,,
2025-07-23 03:10:00+08:00,0.0,0.0,1156.5,0.0,0.0,0.0,0.0,0.0,0.0,13.6,0.0,26.5,0.0,1196.6,,,
2025-07-23 03:20:00+08:00,0.0,0.0,1151.4,0.0,0.0,0.0,0.0,0.0,0.0,13.5,0.0,27.2,0.0,1192.1000000000001,,,
2025-07-23 03:30:00+08:00,0.0,0.0,1172.8,0.0,0.0,0.0,0.0,0.0,0.0,10.9,0.0,27.3,0.0,1211.0,,,
2025-07-23 03:40:00+08:00,0.0,0.0,1158.7,0.0,0.0,0.0,0.0,0.0,0.0,13.7,0.0,28.3,0.0,1200.7,,,
2025-07-23 03:50:00+08:00,0.0,0.0,1151.9,0.0,0.0,0.0,0.0,0.0,0.0,15.0,0.0,29.5,0.0,1196.4,,,
2025-07-23 04:00:00+08:00,0.0,0.0,1152.7,0.0,0.0,0.0,0.0,0.0,0.0,13.4,0.0,29.6,0.0,1195.7,,,
2025-07-23 04:10:00+08:00,0.0,0.0,1173.6,0.0,0.0,0.0,0.0,0.0,0.0,11.799999999999999,0.0,29.6,0.0,1214.9999999999998,,,
2025-07-23 04:20:00+08:00,0.0,0.0,1168.9,0.0,0.0,0.0,0.0,0.0,0.0,13.100000000000001,0.0,29.6,0.0,1211.6,,,
2025-07-23 04:30:00+08:00,0.0,0.0,1147.5,0.0,0.0,0.0,0.0,0.0,0.0,17.9,0.0,30.8,0.0,1196.2,,,
2025-07-23 04:40:00+08:00,0.0,0.0,1161.9,0.0,0.0,0.0,0.0,0.0,0.0,18.700000000000003,0.0,31.7,0.0,1212.3000000000002,,,
2025-07-23 04:50:00+08:00,0.0,0.0,1179.4,0.0,0.0,0.0,0.0,0.0,0.0,18.5,0.0,30.4,0.0,1228.3000000000002,,,
2025-07-23 05:00:00+08:00,0.0,0.0,1161.5,0.0,0.0,0.0,0.0,0.0,0.0,19.7,34.72,32.0,0.0,1247.92,,,
2025-07-23 05:10:00+08:00,0.0,0.0,1107.1,0.0,0.0,0.0,0.0,0.0,0.0,18.6,34.72,32.4,0.0,1192.82,,,
2025-07-23 05:20:00+08:00,0.0,0.0,1128.6,0.0,0.0,0.0,0.0,0.0,0.0,20.7,34.72,33.2,0.0,1217.22,,,
2025-07-23 05:30:00+08:00,0.0,0.0,1161.2,0.0,0.0,0.0,0.0,0.0,0.0,20.400000000000002,34.728,36.1,0.0,1252.428,,,
2025-07-23 05:40:00+08:00,0.0,0.0,1158.4,0.0,0.0,0.0,0.0,0.0,0.0,25.599999999999998,35.879000000000005,35.1,0.0,1254.9789999999998,,,
2025-07-23 05:50:00+08:00,0.0,0.0,1129.1,0.0,0.0,0.0,0.0,0.0,0.0,18.4,65.477,34.4,0.0,1247.3770000000002,,,
2025-07-23 06:00:00+08:00,0.0,0.0,1083.5,0.0,0.0,0.0,0.0,0.0,0.0,20.299999999999997,191.50199999999998,35.1,0.0,1330.4019999999998,,,
2025-07-23 06:10:00+08:00,0.0,0.0,1188.3,0.0,0.0,0.0,0.0,0.0,0.0,24.7,342.479,34.3,0.0,1589.779,,,
2025-07-23 06:20:00+08:00,0.0,0.0,1170.3,0.0,0.0,0.0,0.0,0.0,0.0,24.7,536.574,33.8,0.0,1765.374,,,
2025-07-23 06:30:00+08:00,0.0,0.0,1143.6,0.0,0.0,0.0,0.0,0.0,0.0,32.0,728.795,34.3,0.0,1938.695,,,
2025-07-23 06:40:00+08:00,0.0,0.0,1220.7,0.0,0.0,0.0,0.0,0.0,0.0,37.0,1015.578,34.2,0.0,2307.478,,,
2025-07-23 06:50:00+08:00,0.0,0.0,1199.5,0.0,0.0,0.0,0.0,0.0,0.0,23.3,1298.245,35.0,0.0,2556.045,,,
2025-07-23 07:00:00+08:00,0.0,0.0,1163.3,0.0,0.0,0.0,0.0,0.0,0.0,21.3,1586.35,35.9,0.0,2806.85,,,
2025-07-23 07:10:00+08:00,0.0,0.0,1287.7,0.0,0.0,0.0,0.0,0.0,0.0,20.200000000000003,2006.1370000000002,34.8,0.0,3348.8370000000004,,,
2025-07-23 07:20:00+08:00,0.0,0.0,1222.5,0.0,0.0,0.0,0.0,0.0,0.0,21.9,2247.209,34.9,0.0,3526.509,,,
2025-07-23 07:30:00+08:00,0.0,0.0,1271.7,0.0,0.0,0.0,0.0,0.0,0.0,19.0,2608.2439999999997,33.4,0.0,3932.3439999999996,,,
2025-07-23 07:40:00+08:00,0.0,0.0,1275.7,0.0,0.0,0.0,0.0,0.0,0.0,23.8,3146.5229999999997,33.8,0.0,4479.822999999999,,,
2025-07-23 07:50:00+08:00,0.0,0.0,1268.1,0.0,0.0,0.0,0.0,0.0,0.0,20.8,3521.456,33.7,0.0,4844.056,,,
2025-07-23 08:00:00+08:00,0.0,0.0,1349.0,0.0,0.0,0.0,0.0,0.0,0.0,20.2,3948.873,31.1,0.0,5349.173000000001,,,
2025-07-23 08:10:00+08:00,0.0,0.0,1268.5,0.0,0.0,0.0,0.0,0.0,0.0,16.7,4384.371,31.4,0.0,5700.971,,,
2025-07-23 08:20:00+08:00,0.0,0.0,1330.6,0.0,0.0,0.0,0.0,0.0,0.0,19.6,4795.61,29.8,1.9,6177.509999999999,,,
2025-07-23 08:30:00+08:00,0.0,0.0,1379.8,0.0,0.0,0.0,0.0,0.0,0.0,17.7,5192.047,31.7,6.9,6628.146999999999,,,
2025-07-23 08:40:00+08:00,0.0,0.0,1411.9,0.0,0.0,0.0,0.0,0.0,0.0,17.2,5498.839,32.1,2.3,6962.339000000001,,,
2025-07-23 08:50:00+08:00,0.0,0.0,1498.8,0.0,0.0,0.0,0.0,0.0,0.0,18.7,5636.887,33.9,6.2,7194.486999999999,,,
2025-07-23 09:00:00+08:00,0.0,0.0,1499.7,0.0,0.0,0.0,0.0,0.0,0.0,17.3,5970.263,33.7,0.0,7520.963,,,
2025-07-23 09:10:00+08:00,0.0,0.0,1535.8,0.0,0.0,0.0,0.0,0.0,0.0,18.2,6211.7789999999995,32.8,6.3,7804.879,,,
2025-07-23 09:20:00+08:00,0.0,0.0,1488.5,0.0,0.0,0.0,0.0,0.0,0.0,18.4,6438.352,31.6,0.0,7976.852000000001,,,
2025-07-23 09:30:00+08:00,0.0,0.0,1493.9,0.0,0.0,0.0,0.0,0.0,0.0,19.0,6733.998,34.1,0.0,8280.998,,,
2025-07-23 09:40:00+08:00,0.0,0.0,1459.7,0.0,0.0,0.0,0.0,0.0,0.0,18.8,7022.945,37.5,0.0,8538.945,,,
2025-07-23 09:50:00+08:00,0.0,0.0,1518.2,0.0,0.0,0.0,0.0,0.0,0.0,20.1,7254.657,35.8,0.0,8828.757,,,
2025-07-23 10:00:00+08:00,0.0,0.0,1499.0,0.0,0.0,0.0,0.0,0.0,0.0,20.7,7395.39,36.0,5.9,8956.99,,,
2025-07-23 10:10:00+08:00,0.0,0.0,1480.0,0.0,0.0,0.0,0.0,0.0,0.0,20.1,7605.742,36.7,0.0,9142.542000000001,,,
2025-07-23 10:20:00+08:00,0.0,0.0,1498.6,0.0,0.0,0.0,0.0,0.0,0.0,19.0,7683.0380000000005,37.4,0.0,9238.038,,,
2025-07-23 10:30:00+08:00,0.0,0.0,1511.2,0.0,0.0,0.0,0.0,0.0,0.0,21.5,7822.495000000001,35.5,0.0,9390.695000000002,,,
2025-07-23 10:40:00+08:00,0.0,0.0,1510.5,0.0,0.0,0.0,0.0,0.0,0.0,22.4,7907.767000000001,36.2,0.0,9476.867000000002,,,
2025-07-23 10:50:00+08:00,0.0,0.0,1480.2,0.0,0.0,0.0,0.0,0.0,0.0,26.5,8132.066,36.7,0.0,9675.466,,,
2025-07-23 11:00:00+08:00,0.0,0.0,1500.3,0.0,0.0,0.0,0.0,0.0,0.0,26.7,8236.65,38.5,0.0,9802.15,,,
2025-07-23 11:10:00+08:00,0.0,0.0,1513.5,0.0,0.0,0.0,0.0,0.0,0.0,27.4,8371.786,37.1,0.0,9949.786,,,
2025-07-23 11:20:00+08:00,0.0,0.0,1506.5,0.0,0.0,0.0,0.0,0.0,0.0,23.0,8417.630000000001,36.8,0.0,9983.93,,,
2025-07-23 11:30:00+08:00,0.0,0.0,1542.5,0.0,0.0,0.0,0.0,0.0,0.0,28.1,8537.207,35.1,0.0,10142.907000000001,,,
2025-07-23 11:40:00+08:00,0.0,0.0,1546.9,0.0,0.0,0.0,0.0,0.0,0.0,32.400000000000006,8465.107,34.1,0.3,10078.806999999999,,,
2025-07-23 11:50:00+08:00,0.0,0.0,1553.2,0.0,0.0,0.0,0.0,0.0,0.0,36.8,8545.498,35.1,0.0,10170.598,,,
2025-07-23 12:00:00+08:00,0.0,0.0,1453.3,0.0,0.0,0.0,0.0,0.0,0.0,44.6,8348.493,39.6,0.0,9885.993,,,
2025-07-23 12:10:00+08:00,0.0,0.0,1511.6,0.0,0.0,0.0,0.0,0.0,0.0,49.7,8282.824999999999,37.4,0.0,9881.524999999998,,,
2025-07-23 12:20:00+08:00,0.0,0.0,1501.5,0.0,0.0,0.0,0.0,0.0,0.0,53.2,8331.655999999999,36.3,0.0,9922.655999999999,,,
2025-07-23 12:30:00+08:00,0.0,0.0,1504.5,0.0,0.0,0.0,0.0,0.0,0.0,51.3,8522.703000000001,34.2,0.0,10112.703000000001,,,
2025-07-23 12:40:00+08:00,0.0,0.0,1506.5,0.0,0.0,0.0,0.0,0.0,0.0,56.5,8540.118,34.3,0.0,10137.418,,,
2025-07-23 12:50:00+08:00,0.0,0.0,1483.5,0.0,0.0,0.0,0.0,0.0,0.0,67.3,8460.557999999999,32.8,0.0,10044.157999999998,,,
2025-07-23 13:00:00+08:00,0.0,0.0,1492.0,0.0,0.0,0.0,0.0,0.0,0.0,75.4,8419.863,34.7,0.0,10021.963,,,
2025-07-23 13:10:00+08:00,0.0,0.0,1519.2,0.0,0.0,0.0,0.0,0.0,0.0,74.5,8329.231,32.9,20.3,9976.131,,,
2025-07-23 13:20:00+08:00,0.0,0.0,1463.3,0.0,0.0,0.0,0.0,0.0,0.0,62.5,8336.51,32.9,13.4,9908.609999999999,,,
2025-07-23 13:30:00+08:00,0.0,0.0,1499.3,0.0,0.0,0.0,0.0,0.0,0.0,54.7,8243.042,38.0,5.1,9840.142,,,
2025-07-23 13:40:00+08:00,0.0,0.0,1555.8,0.0,0.0,0.0,0.0,0.0,0.0,48.699999999999996,8129.014999999999,34.8,0.0,9768.314999999999,,,
2025-07-23 13:50:00+08:00,0.0,0.0,1479.8,0.0,0.0,0.0,0.0,0.0,0.0,39.6,8038.538,38.5,0.0,9596.438,,,
2025-07-23 14:00:00+08:00,0.0,0.0,1514.8,0.0,0.0,0.0,0.0,0.0,0.0,32.800000000000004,7984.902999999999,38.1,0.0,9570.603,,,
2025-07-23 14:10:00+08:00,0.0,0.0,1501.5,0.0,0.0,0.0,0.0,0.0,0.0,30.900000000000002,7788.264,36.2,0.0,9356.864000000001,,,
2025-07-23 14:20:00+08:00,0.0,0.0,1499.7,0.0,0.0,0.0,0.0,0.0,0.0,42.6,7659.124,38.1,0.0,9239.524,,,
2025-07-23 14:30:00+08:00,0.0,0.0,1495.7,0.0,0.0,0.0,0.0,0.0,0.0,38.699999999999996,7499.8369999999995,37.8,0.0,9072.036999999998,,,
2025-07-23 14:40:00+08:00,0.0,0.0,1543.6,0.0,0.0,0.0,0.0,0.0,0.0,42.9,7278.933,38.2,0.0,8903.633000000002,,,
2025-07-23 14:50:00+08:00,0.0,0.0,1528.9,0.0,0.0,0.0,0.0,0.0,0.0,40.4,7148.443,38.5,0.0,8756.243,,,
2025-07-23 15:00:00+08:00,0.0,0.0,1573.6,0.0,0.0,0.0,0.0,0.0,0.0,40.1,6846.743,38.9,0.0,8499.342999999999,,,
2025-07-23 15:10:00+08:00,0.0,0.0,1578.9,0.0,0.0,0.0,0.0,0.0,0.0,40.6,6581.982,42.4,44.0,8287.882,,,
2025-07-23 15:20:00+08:00,0.0,0.0,1584.1,0.0,0.0,0.0,0.0,0.0,0.0,37.8,6369.445,40.2,42.9,8074.444999999999,,,
2025-07-23 15:30:00+08:00,0.0,0.0,1574.5,0.0,0.0,0.0,0.0,0.0,0.0,51.7,6105.93,40.6,46.9,7819.63,,,
2025-07-23 15:40:00+08:00,0.0,0.0,1551.6,0.0,0.0,0.0,0.0,0.0,0.0,54.3,5803.738,41.6,61.3,7512.5380000000005,,,
2025-07-23 15:50:00+08:00,0.0,0.0,1619.4,0.0,0.0,0.0,0.0,0.0,0.0,60.2,5379.686,41.0,60.6,7160.886,,,
2025-07-23 16:00:00+08:00,0.0,0.0,1600.6,0.0,0.0,0.0,0.0,0.0,0.0,59.5,5019.851,40.6,59.3,6779.851,,,
2025-07-23 16:10:00+08:00,0.0,0.0,1593.8,0.0,0.0,0.0,0.0,0.0,0.0,39.300000000000004,4863.258,39.4,277.5,6813.258,,,
2025-07-23 16:20:00+08:00,0.0,0.0,1577.8,0.0,0.0,0.0,0.0,0.0,0.0,73.2,4516.0199999999995,41.0,267.7,6475.719999999999,,,
2025-07-23 16:30:00+08:00,0.0,0.0,1614.1,0.0,0.0,0.0,0.0,0.0,0.0,72.4,3995.078,39.6,250.5,5971.678,,,
2025-07-23 16:40:00+08:00,0.0,0.0,1598.7,0.0,0.0,0.0,0.0,0.0,0.0,83.2,3640.801,39.4,270.1,5632.201,,,
2025-07-23 16:50:00+08:00,0.0,0.0,1586.4,0.0,0.0,0.0,0.0,0.0,0.0,98.3,3156.0910000000003,37.0,266.2,5143.991,,,
2025-07-23 17:00:00+08:00,0.0,0.0,1617.3,0.0,0.0,0.0,0.0,0.0,0.0,95.5,2903.2129999999997,36.0,246.6,4898.613,,,
2025-07-23 17:10:00+08:00,0.0,0.0,1524.8,0.0,0.0,0.0,0.0,0.0,0.0,101.1,2679.1569999999997,37.0,272.8,4614.857,,,
2025-07-23 17:20:00+08:00,0.0,0.0,1575.5,0.0,0.0,0.0,0.0,0.0,0.0,117.3,2378.407,37.7,288.5,4397.407,,,
2025-07-23 17:30:00+08:00,0.0,0.0,1671.0,0.0,0.0,0.0,0.0,0.0,0.0,144.6,2095.635,36.9,278.4,4226.535,,,
2025-07-23 17:40:00+08:00,0.0,0.0,1617.9,0.0,0.0,0.0,0.0,0.0,0.0,132.79999999999998,1753.5710000000001,37.1,273.2,3814.571,,,
2025-07-23 17:50:00+08:00,0.0,0.0,1706.4,0.0,0.0,0.0,0.0,0.0,0.0,111.5,1382.798,37.1,285.8,3523.5980000000004,,,
2025-07-23 18:00:00+08:00,0.0,0.0,1614.7,0.0,0.0,0.0,0.0,0.0,0.0,105.1,1050.35,35.9,280.0,3086.0499999999997,,,
2025-07-23 18:10:00+08:00,0.0,0.0,1639.0,0.0,0.0,0.0,0.0,0.0,0.0,97.5,764.823,34.0,289.6,2824.923,,,
2025-07-23 18:20:00+08:00,0.0,0.0,1647.9,0.0,0.0,0.0,0.0,0.0,0.0,94.2,533.57,35.4,301.6,2612.67,,,
2025-07-23 18:30:00+08:00,0.0,0.0,1632.3,0.0,0.0,0.0,0.0,0.0,0.0,101.9,346.656,36.9,287.3,2405.0560000000005,,,
2025-07-23 18:40:00+08:00,0.0,0.0,1594.9,0.0,0.0,0.0,0.0,0.0,0.0,101.3,196.596,37.5,283.6,2213.896,,,
2025-07-23 18:50:00+08:00,0.0,0.0,1677.8,0.0,0.0,0.0,0.0,0.0,0.0,101.5,90.434,37.6,323.6,2230.9339999999997,,,
2025-07-23 19:00:00+08:00,0.0,0.0,1792.2,0.0,0.0,0.0,0.0,0.0,0.0,97.4,0.0,36.6,357.9,2284.1,,,
2025-07-23 19:10:00+08:00,0.0,0.0,1623.3,0.0,0.0,0.0,0.0,0.0,0.0,101.30000000000001,0.0,39.1,270.0,2033.6999999999998,,,
2025-07-23 19:20:00+08:00,0.0,0.0,1570.8,0.0,0.0,0.0,0.0,0.0,0.0,103.5,0.0,39.5,256.2,1970.0,,,
2025-07-23 19:30:00+08:00,0.0,0.0,1586.6,0.0,0.0,0.0,0.0,0.0,0.0,93.9,0.0,39.1,250.1,1969.6999999999998,,,
2025-07-23 19:40:00+08:00,0.0,0.0,1616.8,0.0,0.0,0.0,0.0,0.0,0.0,86.0,0.0,36.6,251.3,1990.6999999999998,,,
2025-07-23 19:50:00+08:00,0.0,0.0,1558.7,0.0,0.0,0.0,0.0,0.0,0.0,84.9,0.0,38.0,248.7,1930.3000000000002,,,
2025-07-23 20:00:00+08:00,0.0,0.0,1589.7,0.0,0.0,0.0,0.0,0.0,0.0,58.5,0.0,37.0,258.7,1943.9,,,
2025-07-23 20:10:00+08:00,0.0,0.0,1584.8,0.0,0.0,0.0,0.0,0.0,0.0,61.199999999999996,0.0,34.7,131.7,1812.4,,,
2025-07-23 20:20:00+08:00,0.0,0.0,1602.2,0.0,0.0,0.0,0.0,0.0,0.0,55.9,0.0,36.8,141.9,1836.8000000000002,,,
2025-07-23 20:30:00+08:00,0.0,0.0,1565.4,0.0,0.0,0.0,0.0,0.0,0.0,57.9,0.0,37.2,126.6,1787.1000000000001,,,
2025-07-23 20:40:00+08:00,0.0,0.0,1601.0,0.0,0.0,0.0,0.0,0.0,0.0,57.0,0.0,37.6,135.6,1831.1999999999998,,,
2025-07-23 20:50:00+08:00,0.0,0.0,1578.1,0.0,0.0,0.0,0.0,0.0,0.0,54.8,0.0,37.4,153.5,1823.8,,,
2025-07-23 21:00:00+08:00,0.0,0.0,1616.4,0.0,0.0,0.0,0.0,0.0,0.0,47.6,0.0,36.6,150.0,1850.6,,,
2025-07-23 21:10:00+08:00,0.0,0.0,1573.2,0.0,0.0,0.0,0.0,0.0,0.0,40.5,0.0,36.9,20.7,1671.3000000000002,,,
2025-07-23 21:20:00+08:00,0.0,0.0,1576.1,0.0,0.0,0.0,0.0,0.0,0.0,39.3,0.0,38.8,17.2,1671.3999999999999,,,
2025-07-23 21:30:00+08:00,0.0,0.0,1601.7,0.0,0.0,0.0,0.0,0.0,0.0,49.900000000000006,0.0,39.8,18.5,1709.9,,,
2025-07-23 21:40:00+08:00,0.0,0.0,1569.7,0.0,0.0,0.0,0.0,0.0,0.0,53.9,0.0,40.5,11.7,1675.8000000000002,,,
2025-07-23 21:50:00+08:00,0.0,0.0,1590.7,0.0,0.0,0.0,0.0,0.0,0.0,42.5,0.0,38.4,15.4,1687.0000000000002,,,
2025-07-23 22:00:00+08:00,0.0,0.0,1625.7,0.0,0.0,0.0,0.0,0.0,0.0,42.2,0.0,36.4,20.9,1725.2000000000003,,,
2025-07-23 22:10:00+08:00,0.0,0.0,1616.9,0.0,0.0,0.0,0.0,0.0,0.0,39.9,0.0,37.6,27.1,1721.5,,,
2025-07-23 22:20:00+08:00,0.0,0.0,1551.9,0.0,0.0,0.0,0.0,0.0,0.0,45.3,0.0,36.7,0.0,1633.9,,,
2025-07-23 22:30:00+08:00,0.0,0.0,1530.7,0.0,0.0,0.0,0.0,0.0,0.0,50.099999999999994,0.0,36.5,0.0,1617.3,,,
2025-07-23 22:40:00+08:00,0.0,0.0,1525.8,0.0,0.0,0.0,0.0,0.0,0.0,72.6,0.0,34.5,0.0,1632.8999999999999,,,
2025-07-23 22:50:00+08:00,0.0,0.0,1459.5,0.0,0.0,0.0,0.0,0.0,0.0,48.800000000000004,0.0,35.9,0.0,1544.2,,,
2025-07-23 23:00:00+08:00,0.0,0.0,1529.9,0.0,0.0,0.0,0.0,0.0,0.0,41.8,0.0,34.7,0.0,1606.4,,,
2025-07-23 23:10:00+08:00,0.0,0.0,1527.2,0.0,0.0,0.0,0.0,0.0,0.0,43.0,0.0,40.1,0.0,1610.3,,,
2025-07-23 23:20:00+08:00,0.0,0.0,1658.3,0.0,0.0,0.0,0.0,0.0,0.0,56.1,0.0,36.4,0.0,1750.8,,,
2025-07-23 23:30:00+08:00,0.0,0.0,1543.5,0.0,0.0,0.0,0.0,0.0,0.0,69.2,0.0,36.0,0.0,1648.7,,,
2025-07-23 23:40:00+08:00,0.0,0.0,1530.4,0.0,0.0,0.0,0.0,0.0,0.0,75.69999999999999,0.0,35.3,0.0,1641.4,,,
2025-07-23 23:50:00+08:00,0.0,0.0,1502.2,0.0,0.0,0.0,0.0,0.0,0.0,90.0,0.0,32.2,6.6,1631.0,,,
2025-07-24 00:00:00+08:00,0.0,0.0,1504.0,0.0,0.0,0.0,0.0,0.0,0.0,100.9,0.0,32.3,0.0,1637.2,,,
2025-07-24 00:10:00+08:00,0.0,0.0,1496.5,0.0,0.0,0.0,0.0,0.0,0.0,108.5,0.0,32.9,15.0,1652.9,,,
2025-07-24 00:20:00+08:00,0.0,0.0,1357.3,0.0,0.0,0.0,0.0,0.0,0.0,115.80000000000001,0.0,32.9,0.0,1506.0,,,
2025-07-24 00:30:00+08:00,0.0,0.0,1330.7,0.0,0.0,0.0,0.0,0.0,0.0,123.0,0.0,34.7,0.0,1488.4,,,
2025-07-24 00:40:00+08:00,0.0,0.0,1304.5,0.0,0.0,0.0,0.0,0.0,0.0,133.8,0.0,36.4,0.0,1474.7,,,
2025-07-24 00:50:00+08:00,0.0,0.0,1283.7,0.0,0.0,0.0,0.0,0.0,0.0,143.1,0.0,36.2,0.0,1463.0,,,
2025-07-24 01:00:00+08:00,0.0,0.0,1297.9,0.0,0.0,0.0,0.0,0.0,0.0,149.3,0.0,36.1,0.0,1483.3,,,
2025-07-24 01:10:00+08:00,0.0,0.0,1283.9,0.0,0.0,0.0,0.0,0.0,0.0,127.3,0.0,35.7,0.0,1446.9,,,
2025-07-24 01:20:00+08:00,0.0,0.0,1298.7,0.0,0.0,0.0,0.0,0.0,0.0,112.6,0.0,38.8,8.4,1458.5,,,
2025-07-24 01:30:00+08:00,0.0,0.0,1259.6,0.0,0.0,0.0,0.0,0.0,0.0,103.5,0.0,34.1,0.0,1397.1999999999998,,,
2025-07-24 01:40:00+08:00,0.0,0.0,1219.8,0.0,0.0,0.0,0.0,0.0,0.0,89.4,0.0,33.4,0.0,1342.6000000000001,,,
2025-07-24 01:50:00+08:00,0.0,0.0,1261.0,0.0,0.0,0.0,0.0,0.0,0.0,91.7,0.0,33.3,32.9,1418.9,,,
2025-07-24 02:00:00+08:00,0.0,0.0,1201.3,0.0,0.0,0.0,0.0,0.0,0.0,67.6,0.0,31.2,2.3,1302.3999999999999,,,
2025-07-24 02:10:00+08:00,0.0,0.0,1235.2,0.0,0.0,0.0,0.0,0.0,0.0,64.2,0.0,33.4,30.5,1363.3000000000002,,,
2025-07-24 02:20:00+08:00,0.0,0.0,1129.6,0.0,0.0,0.0,0.0,0.0,0.0,70.6,0.0,38.1,0.0,1238.2999999999997,,,
2025-07-24 02:30:00+08:00,0.0,0.0,1133.6,0.0,0.0,0.0,0.0,0.0,0.0,71.0,0.0,36.1,0.0,1240.6999999999998,,,
2025-07-24 02:40:00+08:00,0.0,0.0,1132.6,0.0,0.0,0.0,0.0,0.0,0.0,62.900000000000006,0.0,38.9,0.0,1234.4,,,
2025-07-24 02:50:00+08:00,0.0,0.0,1119.2,0.0,0.0,0.0,0.0,0.0,0.0,56.1,0.0,38.8,0.0,1214.1,,,
2025-07-24 03:00:00+08:00,0.0,0.0,1174.4,0.0,0.0,0.0,0.0,0.0,0.0,47.5,0.0,40.2,17.9,1280.0000000000002,,,
2025-07-24 03:10:00+08:00,0.0,0.0,1108.2,0.0,0.0,0.0,0.0,0.0,0.0,40.8,0.0,37.0,0.0,1186.0,,,
2025-07-24 03:20:00+08:00,0.0,0.0,1161.2,0.0,0.0,0.0,0.0,0.0,0.0,33.0,0.0,38.2,0.0,1232.4,,,
2025-07-24 03:30:00+08:00,0.0,0.0,1160.0,0.0,0.0,0.0,0.0,0.0,0.0,25.0,0.0,37.2,0.0,1222.2,,,
2025-07-24 03:40:00+08:00,0.0,0.0,1126.6,0.0,0.0,0.0,0.0,0.0,0.0,26.4,0.0,39.0,0.0,1192.0,,,
2025-07-24 03:50:00+08:00,0.0,0.0,1052.0,0.0,0.0,0.0,0.0,0.0,0.0,27.6,0.0,37.6,0.0,1117.1999999999998,,,
2025-07-24 04:00:00+08:00,0.0,0.0,1138.3,0.0,0.0,0.0,0.0,0.0,0.0,28.7,0.0,37.0,0.0,1204.0,,,
2025-07-24 04:10:00+08:00,0.0,0.0,1165.4,0.0,0.0,0.0,0.0,0.0,0.0,22.1,0.0,36.3,0.0,1223.8,,,
2025-07-24 04:20:00+08:00,0.0,0.0,1113.9,0.0,0.0,0.0,0.0,0.0,0.0,25.3,0.0,36.5,0.0,1175.7,,,
2025-07-24 04:30:00+08:00,0.0,0.0,1165.9,0.0,0.0,0.0,0.0,0.0,0.0,24.6,0.0,39.1,0.0,1229.6,,,
2025-07-24 04:40:00+08:00,0.0,0.0,1138.3,0.0,0.0,0.0,0.0,0.0,0.0,25.1,0.0,38.4,0.0,1201.8,,,
2025-07-24 04:50:00+08:00,0.0,0.0,1233.9,0.0,0.0,0.0,0.0,0.0,0.0,31.3,0.0,37.5,16.7,1319.4,,,
2025-07-24 05:00:00+08:00,0.0,0.0,1072.8,0.0,0.0,0.0,0.0,0.0,0.0,36.8,34.721,40.4,0.0,1184.721,,,
2025-07-24 05:10:00+08:00,0.0,0.0,1116.7,0.0,0.0,0.0,0.0,0.0,0.0,36.0,34.721,36.1,0.0,1223.521,,,
2025-07-24 05:20:00+08:00,0.0,0.0,1100.4,0.0,0.0,0.0,0.0,0.0,0.0,33.1,34.721,37.0,0.0,1205.221,,,
2025-07-24 05:30:00+08:00,0.0,0.0,1109.1,0.0,0.0,0.0,0.0,0.0,0.0,29.4,34.739,38.0,0.0,1211.239,,,
2025-07-24 05:40:00+08:00,0.0,0.0,1150.5,0.0,0.0,0.0,0.0,0.0,0.0,24.6,36.564,41.2,4.3,1257.164,,,
2025-07-24 05:50:00+08:00,0.0,0.0,1184.6,0.0,0.0,0.0,0.0,0.0,0.0,26.0,66.785,40.6,6.6,1324.5849999999998,,,
2025-07-24 06:00:00+08:00,0.0,0.0,1125.6,0.0,0.0,0.0,0.0,0.0,0.0,28.400000000000002,168.50900000000001,39.0,0.0,1361.509,,,
2025-07-24 06:10:00+08:00,0.0,0.0,1142.5,0.0,0.0,0.0,0.0,0.0,0.0,26.4,307.884,40.1,0.0,1516.884,,,
2025-07-24 06:20:00+08:00,0.0,0.0,1134.6,0.0,0.0,0.0,0.0,0.0,0.0,25.3,498.61400000000003,38.6,0.0,1697.1139999999998,,,
2025-07-24 06:30:00+08:00,0.0,0.0,1157.0,0.0,0.0,0.0,0.0,0.0,0.0,23.1,713.173,38.9,0.0,1932.173,,,
2025-07-24 06:40:00+08:00,0.0,0.0,1158.6,0.0,0.0,0.0,0.0,0.0,0.0,22.1,950.127,38.4,0.0,2169.227,,,
2025-07-24 06:50:00+08:00,0.0,0.0,1215.2,0.0,0.0,0.0,0.0,0.0,0.0,23.8,1184.819,38.6,0.0,2462.419,,,
2025-07-24 07:00:00+08:00,0.0,0.0,1208.5,0.0,0.0,0.0,0.0,0.0,0.0,28.7,1477.2,39.6,0.0,2754.0,,,
2025-07-24 07:10:00+08:00,0.0,0.0,1193.9,0.0,0.0,0.0,0.0,0.0,0.0,37.7,1837.915,38.7,0.0,3108.215,,,
2025-07-24 07:20:00+08:00,0.0,0.0,1219.8,0.0,0.0,0.0,0.0,0.0,0.0,50.3,2197.948,40.3,0.0,3508.348,,,
2025-07-24 07:30:00+08:00,0.0,0.0,1187.7,0.0,0.0,0.0,0.0,0.0,0.0,71.9,2545.63,39.5,0.0,3844.7300000000005,,,
2025-07-24 07:40:00+08:00,0.0,0.0,1223.2,0.0,0.0,0.0,0.0,0.0,0.0,82.0,2942.499,39.0,0.0,4286.699,,,
2025-07-24 07:50:00+08:00,0.0,0.0,1234.1,0.0,0.0,0.0,0.0,0.0,0.0,80.5,3288.2780000000002,40.2,0.0,4643.078,,,
2025-07-24 08:00:00+08:00,0.0,0.0,1246.4,0.0,0.0,0.0,0.0,0.0,0.0,86.4,3676.3990000000003,39.4,0.0,5048.599,,,
2025-07-24 08:10:00+08:00,0.0,0.0,1302.8,0.0,0.0,0.0,0.0,0.0,0.0,90.2,4012.883,38.5,0.0,5444.383,,,
2025-07-24 08:20:00+08:00,0.0,0.0,1318.1,0.0,0.0,0.0,0.0,0.0,0.0,107.9,4292.026,36.5,0.0,5754.526,,,
2025-07-24 08:30:00+08:00,0.0,0.0,1401.3,0.0,0.0,0.0,0.0,0.0,0.0,120.69999999999999,4592.054,37.3,0.0,6151.354,,,
2025-07-24 08:40:00+08:00,0.0,0.0,1383.5,0.0,0.0,0.0,0.0,0.0,0.0,115.3,4860.01,37.4,0.0,6396.21,,,
2025-07-24 08:50:00+08:00,0.0,0.0,1497.3,0.0,0.0,0.0,0.0,0.0,0.0,129.8,5122.116,37.8,0.0,6787.0160000000005,,,
2025-07-24 09:00:00+08:00,0.0,0.0,1485.5,0.0,0.0,0.0,0.0,0.0,0.0,140.9,5408.013,35.7,0.0,7070.113,,,
2025-07-24 09:10:00+08:00,0.0,0.0,1509.2,0.0,0.0,0.0,0.0,0.0,0.0,154.7,5720.075000000001,35.7,0.0,7419.675,,,
2025-07-24 09:20:00+08:00,0.0,0.0,1480.4,0.0,0.0,0.0,0.0,0.0,0.0,177.3,6061.746,37.7,0.0,7757.146,,,
2025-07-24 09:30:00+08:00,0.0,0.0,1535.1,0.0,0.0,0.0,0.0,0.0,0.0,195.4,6281.545,38.0,0.0,8050.045,,,
2025-07-24 09:40:00+08:00,0.0,0.0,1477.8,0.0,0.0,0.0,0.0,0.0,0.0,226.3,6401.886,38.7,0.0,8144.686000000001,,,
2025-07-24 09:50:00+08:00,0.0,0.0,1463.2,0.0,0.0,0.0,0.0,0.0,0.0,227.7,6611.67,37.0,0.0,8339.57,,,
2025-07-24 10:00:00+08:00,0.0,0.0,1441.1,0.0,0.0,0.0,0.0,0.0,0.0,287.9,6596.639999999999,37.7,0.0,8363.34,,,
2025-07-24 10:10:00+08:00,0.0,0.0,1510.7,0.0,0.0,0.0,0.0,0.0,0.0,342.0,6646.433,38.7,0.0,8537.833,,,
2025-07-24 10:20:00+08:00,0.0,0.0,1502.7,0.0,0.0,0.0,0.0,0.0,0.0,382.9,6765.214,36.8,0.0,8687.614,,,
2025-07-24 10:30:00+08:00,0.0,0.0,1552.4,0.0,0.0,0.0,0.0,0.0,0.0,387.8,6871.549,39.6,0.0,8851.349,,,
2025-07-24 10:40:00+08:00,0.0,0.0,1476.1,0.0,0.0,0.0,0.0,0.0,0.0,398.4,6961.866,37.0,0.0,8873.366,,,
2025-07-24 10:50:00+08:00,0.0,0.0,1500.0,0.0,0.0,0.0,0.0,0.0,0.0,406.3,6986.056,39.3,0.0,8931.655999999999,,,
2025-07-24 11:00:00+08:00,0.0,0.0,1463.1,0.0,0.0,0.0,0.0,0.0,0.0,433.2,7097.677,37.5,0.0,9031.476999999999,,,
2025-07-24 11:10:00+08:00,0.0,0.0,1535.8,0.0,0.0,0.0,0.0,0.0,0.0,500.2,7058.366,39.5,0.0,9133.866,,,
2025-07-24 11:20:00+08:00,0.0,0.0,1476.5,0.0,0.0,0.0,0.0,0.0,0.0,548.2,7147.379,40.6,0.0,9212.679,,,
2025-07-24 11:30:00+08:00,0.0,0.0,1507.4,0.0,0.0,0.0,0.0,0.0,0.0,564.8,7272.919,37.9,0.0,9383.018999999998,,,
2025-07-24 11:40:00+08:00,0.0,0.0,1577.1,0.0,0.0,0.0,0.0,0.0,0.0,604.6,7361.806,36.7,0.0,9580.206,,,
2025-07-24 11:50:00+08:00,0.0,0.0,1611.6,0.0,0.0,0.0,0.0,0.0,0.0,629.0,7282.187,39.1,0.0,9561.887,,,
2025-07-24 12:00:00+08:00,0.0,0.0,1584.9,0.0,0.0,0.0,0.0,0.0,0.0,657.4,7295.136,41.6,0.0,9579.036000000002,,,
2025-07-24 12:10:00+08:00,0.0,0.0,1618.5,0.0,0.0,0.0,0.0,0.0,0.0,692.0,7218.0470000000005,35.2,0.0,9563.747000000001,,,
2025-07-24 12:20:00+08:00,0.0,0.0,1587.6,0.0,0.0,0.0,0.0,0.0,0.0,737.1999999999999,7230.9039999999995,39.4,0.0,9595.104,,,
2025-07-24 12:30:00+08:00,0.0,0.0,1593.2,0.0,0.0,0.0,0.0,0.0,0.0,748.1999999999999,7064.934,38.4,0.0,9444.734,,,
2025-07-24 12:40:00+08:00,0.0,0.0,1575.4,0.0,0.0,0.0,0.0,0.0,0.0,800.1999999999999,7024.731,37.2,0.0,9437.531,,,
2025-07-24 12:50:00+08:00,0.0,0.0,1631.4,0.0,0.0,0.0,0.0,0.0,0.0,840.4000000000001,7006.138,36.2,0.0,9514.138,,,
2025-07-24 13:00:00+08:00,0.0,0.0,1597.9,0.0,0.0,0.0,0.0,0.0,0.0,854.2,6969.826,38.4,0.0,9460.326,,,
2025-07-24 13:10:00+08:00,0.0,0.0,1583.8,0.0,0.0,0.0,0.0,0.0,0.0,858.2,6873.879999999999,37.1,75.0,9427.98,,,
2025-07-24 13:20:00+08:00,0.0,0.0,1572.9,0.0,0.0,0.0,0.0,0.0,0.0,848.1,6920.3150000000005,39.3,53.3,9433.914999999999,,,
2025-07-24 13:30:00+08:00,0.0,0.0,1599.6,0.0,0.0,0.0,0.0,0.0,0.0,853.5,6892.844,37.2,65.0,9448.144,,,
2025-07-24 13:40:00+08:00,0.0,0.0,1505.5,0.0,0.0,0.0,0.0,0.0,0.0,849.6,6736.7880000000005,39.3,62.5,9193.688,,,
2025-07-24 13:50:00+08:00,0.0,0.0,1586.7,0.0,0.0,0.0,0.0,0.0,0.0,864.3000000000001,6634.174999999999,35.7,61.2,9182.075,,,
2025-07-24 14:00:00+08:00,0.0,0.0,1562.7,0.0,0.0,0.0,0.0,0.0,0.0,856.3,6574.233,39.1,58.9,9091.233,,,
2025-07-24 14:10:00+08:00,0.0,0.0,1558.4,0.0,0.0,0.0,0.0,0.0,0.0,847.1,6402.662,36.1,0.0,8844.262,,,
2025-07-24 14:20:00+08:00,0.0,0.0,1554.4,0.0,0.0,0.0,0.0,0.0,0.0,856.1,6221.6900000000005,39.3,0.0,8671.49,,,
2025-07-24 14:30:00+08:00,0.0,0.0,1556.0,0.0,0.0,0.0,0.0,0.0,0.0,868.8,5902.119000000001,40.2,0.0,8367.119000000002,,,
2025-07-24 14:40:00+08:00,0.0,0.0,1589.7,0.0,0.0,0.0,0.0,0.0,0.0,866.5999999999999,5752.119000000001,38.9,0.0,8247.319000000001,,,
2025-07-24 14:50:00+08:00,0.0,0.0,1625.3,0.0,0.0,0.0,0.0,0.0,0.0,876.3,5382.386,41.1,0.0,7925.086000000001,,,
2025-07-24 15:00:00+08:00,0.0,0.0,1650.3,0.0,0.0,0.0,0.0,0.0,0.0,869.9,5200.697,38.6,5.8,7765.2970000000005,,,
2025-07-24 15:10:00+08:00,0.0,0.0,1673.3,0.0,0.0,0.0,0.0,0.0,0.0,833.8,5074.119000000001,38.6,0.0,7619.819000000001,,,
2025-07-24 15:20:00+08:00,0.0,0.0,1601.6,0.0,0.0,0.0,0.0,0.0,0.0,833.9,4680.237999999999,38.8,0.0,7154.538,,,
2025-07-24 15:30:00+08:00,0.0,0.0,1631.9,0.0,0.0,0.0,0.0,0.0,0.0,834.1999999999999,4357.802,37.9,0.0,6861.802,,,
2025-07-24 15:40:00+08:00,0.0,0.0,1630.7,0.0,0.0,0.0,0.0,0.0,0.0,838.1,4215.0,37.1,0.0,6720.900000000001,,,
2025-07-24 15:50:00+08:00,0.0,0.0,1668.9,0.0,0.0,0.0,0.0,0.0,0.0,829.0,4111.311,35.5,0.0,6644.710999999999,,,
2025-07-24 16:00:00+08:00,0.0,0.0,1658.9,0.0,0.0,0.0,0.0,0.0,0.0,836.5,3820.9930000000004,34.6,0.0,6350.993,,,
2025-07-24 16:10:00+08:00,0.0,0.0,1628.7,0.0,0.0,0.0,0.0,0.0,0.0,814.2,3526.827,36.9,283.7,6290.327,,,
2025-07-24 16:20:00+08:00,0.0,0.0,1656.5,0.0,0.0,0.0,0.0,0.0,0.0,815.1,3263.825,36.7,294.6,6066.724999999999,,,
2025-07-24 16:30:00+08:00,0.0,0.0,1651.2,0.0,0.0,0.0,0.0,0.0,0.0,848.1,3123.3900000000003,36.3,275.0,5933.990000000001,,,
2025-07-24 16:40:00+08:00,0.0,0.0,1669.7,0.0,0.0,0.0,0.0,0.0,0.0,855.2,2957.945,36.4,282.9,5802.1449999999995,,,
2025-07-24 16:50:00+08:00,0.0,0.0,1719.6,0.0,0.0,0.0,0.0,0.0,0.0,831.3000000000001,2728.107,34.3,305.3,5618.607,,,
2025-07-24 17:00:00+08:00,0.0,0.0,1617.9,0.0,0.0,0.0,0.0,0.0,0.0,837.3,2458.965,36.3,277.2,5227.665,,,
2025-07-24 17:10:00+08:00,0.0,0.0,1635.5,0.0,0.0,0.0,0.0,0.0,0.0,846.8,2132.6659999999997,36.8,280.0,4931.7660000000005,,,
2025-07-24 17:20:00+08:00,0.0,0.0,1696.9,0.0,0.0,0.0,0.0,0.0,0.0,848.3,1953.098,35.0,313.0,4846.298,,,
2025-07-24 17:30:00+08:00,0.0,0.0,1675.6,0.0,0.0,0.0,0.0,0.0,0.0,842.7,1637.638,36.8,287.5,4480.238,,,
2025-07-24 17:40:00+08:00,0.0,0.0,1646.5,0.0,0.0,0.0,0.0,0.0,0.0,870.8000000000001,1397.27,37.4,288.3,4240.27,,,
2025-07-24 17:50:00+08:00,0.0,0.0,1708.8,0.0,0.0,0.0,0.0,0.0,0.0,852.4,1098.408,39.4,288.9,3987.908,,,
2025-07-24 18:00:00+08:00,0.0,0.0,1683.4,0.0,0.0,0.0,0.0,0.0,0.0,841.6999999999999,813.852,37.6,287.2,3663.7519999999995,,,
2025-07-24 18:10:00+08:00,0.0,0.0,1643.5,0.0,0.0,0.0,0.0,0.0,0.0,835.6,632.375,38.9,293.2,3443.575,,,
2025-07-24 18:20:00+08:00,0.0,0.0,1666.1,0.0,0.0,0.0,0.0,0.0,0.0,827.2,553.931,37.8,289.9,3374.9310000000005,,,
2025-07-24 18:30:00+08:00,0.0,0.0,1657.3,0.0,0.0,0.0,0.0,0.0,0.0,831.8000000000001,389.995,37.5,282.0,3198.595,,,
2025-07-24 18:40:00+08:00,0.0,0.0,1670.6,0.0,0.0,0.0,0.0,0.0,0.0,820.1,240.965,36.2,268.9,3036.765,,,
2025-07-24 18:50:00+08:00,0.0,0.0,1705.7,0.0,0.0,0.0,0.0,0.0,0.0,808.3,114.267,37.3,275.3,2940.867,,,
2025-07-24 19:00:00+08:00,0.0,0.0,1699.5,0.0,0.0,0.0,0.0,0.0,0.0,804.5,0.0,35.5,267.1,2806.6,,,
2025-07-24 19:10:00+08:00,0.0,0.0,1720.2,0.0,0.0,0.0,0.0,0.0,0.0,805.0,0.0,34.6,276.5,2836.2999999999997,,,
2025-07-24 19:20:00+08:00,0.0,0.0,1692.3,0.0,0.0,0.0,0.0,0.0,0.0,798.7,0.0,36.3,285.8,2813.1000000000004,,,
2025-07-24 19:30:00+08:00,0.0,0.0,1687.0,0.0,0.0,0.0,0.0,0.0,0.0,795.9,0.0,37.7,269.8,2790.4,,,
2025-07-24 19:40:00+08:00,0.0,0.0,1656.8,0.0,0.0,0.0,0.0,0.0,0.0,789.0,0.0,34.9,273.6,2754.3,,,
2025-07-24 19:50:00+08:00,0.0,0.0,1688.5,0.0,0.0,0.0,0.0,0.0,0.0,784.7,0.0,37.0,293.7,2803.8999999999996,,,
2025-07-24 20:00:00+08:00,0.0,0.0,1653.3,0.0,0.0,0.0,0.0,0.0,0.0,798.0,0.0,38.1,275.9,2765.3,,,
2025-07-24 20:10:00+08:00,0.0,0.0,1670.7,0.0,0.0,0.0,0.0,0.0,0.0,811.7,0.0,36.9,108.0,2627.3,,,
2025-07-24 20:20:00+08:00,0.0,0.0,1634.3,0.0,0.0,0.0,0.0,0.0,0.0,816.6,0.0,35.7,101.7,2588.2999999999997,,,
2025-07-24 20:30:00+08:00,0.0,0.0,1613.3,0.0,0.0,0.0,0.0,0.0,0.0,810.4,0.0,36.0,93.9,2553.6,,,
2025-07-24 20:40:00+08:00,0.0,0.0,1609.6,0.0,0.0,0.0,0.0,0.0,0.0,807.0,0.0,38.0,96.8,2551.4,,,
2025-07-24 20:50:00+08:00,0.0,0.0,1622.2,0.0,0.0,0.0,0.0,0.0,0.0,802.3,0.0,37.2,92.5,2554.2,,,
2025-07-24 21:00:00+08:00,0.0,0.0,1650.7,0.0,0.0,0.0,0.0,0.0,0.0,802.4,0.0,37.6,99.7,2590.3999999999996,,,
2025-07-24 21:10:00+08:00,0.0,0.0,1636.4,0.0,0.0,0.0,0.0,0.0,0.0,810.7,0.0,38.4,3.3,2488.8000000000006,,,
2025-07-24 21:20:00+08:00,0.0,0.0,1616.8,0.0,0.0,0.0,0.0,0.0,0.0,804.7,0.0,37.1,9.2,2467.7999999999997,,,
2025-07-24 21:30:00+08:00,0.0,0.0,1637.6,0.0,0.0,0.0,0.0,0.0,0.0,735.9,0.0,38.1,3.0,2414.6,,,
2025-07-24 21:40:00+08:00,0.0,0.0,1606.9,0.0,0.0,0.0,0.0,0.0,0.0,624.5,0.0,38.7,11.9,2282.0,,,
2025-07-24 21:50:00+08:00,0.0,0.0,1607.2,0.0,0.0,0.0,0.0,0.0,0.0,575.2,0.0,39.3,4.1,2225.8,,,
2025-07-24 22:00:00+08:00,0.0,0.0,1620.5,0.0,0.0,0.0,0.0,0.0,0.0,587.8,0.0,36.6,8.8,2253.7000000000003,,,
2025-07-24 22:10:00+08:00,0.0,0.0,1580.3,0.0,0.0,0.0,0.0,0.0,0.0,558.8000000000001,0.0,37.1,0.0,2176.2,,,
2025-07-24 22:20:00+08:00,0.0,0.0,1562.2,0.0,0.0,0.0,0.0,0.0,0.0,532.0,0.0,36.6,0.0,2130.7999999999997,,,
2025-07-24 22:30:00+08:00,0.0,0.0,1573.1,0.0,0.0,0.0,0.0,0.0,0.0,497.0,0.0,36.8,29.4,2136.3,,,
2025-07-24 22:40:00+08:00,0.0,0.0,1564.7,0.0,0.0,0.0,0.0,0.0,0.0,464.8,0.0,36.4,0.0,2065.9,,,
2025-07-24 22:50:00+08:00,0.0,0.0,1550.4,0.0,0.0,0.0,0.0,0.0,0.0,438.1,0.0,38.4,0.0,2026.9,,,
2025-07-24 23:00:00+08:00,0.0,0.0,1513.2,0.0,0.0,0.0,0.0,0.0,0.0,399.7,0.0,38.1,0.0,1951.0,,,
2025-07-24 23:10:00+08:00,0.0,0.0,1490.2,0.0,0.0,0.0,0.0,0.0,0.0,354.5,0.0,37.8,34.0,1916.5,,,
2025-07-24 23:20:00+08:00,0.0,0.0,1506.0,0.0,0.0,0.0,0.0,0.0,0.0,335.5,0.0,39.4,32.6,1913.5,,,
2025-07-24 23:30:00+08:00,0.0,0.0,1522.9,0.0,0.0,0.0,0.0,0.0,0.0,304.9,0.0,36.3,40.1,1904.2,,,
2025-07-24 23:40:00+08:00,0.0,0.0,1531.2,0.0,0.0,0.0,0.0,0.0,0.0,287.5,0.0,36.1,19.6,1874.3999999999999,,,
2025-07-24 23:50:00+08:00,0.0,0.0,1524.0,0.0,0.0,0.0,0.0,0.0,0.0,298.4,0.0,33.4,29.2,1885.0000000000002,,,
2025-07-25 00:00:00+08:00,0.0,0.0,1545.5,0.0,0.0,0.0,0.0,0.0,0.0,317.6,0.0,32.8,29.3,1925.1999999999998,,,
2025-07-25 00:10:00+08:00,0.0,0.0,1539.4,0.0,0.0,0.0,0.0,0.0,0.0,342.0,0.0,32.8,19.0,1933.2,,,
2025-07-25 00:20:00+08:00,0.0,0.0,1394.4,0.0,0.0,0.0,0.0,0.0,0.0,331.4,0.0,37.2,0.0,1763.0000000000002,,,
2025-07-25 00:30:00+08:00,0.0,0.0,1344.7,0.0,0.0,0.0,0.0,0.0,0.0,309.0,0.0,36.9,0.0,1690.6000000000001,,,
2025-07-25 00:40:00+08:00,0.0,0.0,1286.6,0.0,0.0,0.0,0.0,0.0,0.0,288.7,0.0,33.9,0.0,1609.2,,,
2025-07-25 00:50:00+08:00,0.0,0.0,1266.6,0.0,0.0,0.0,0.0,0.0,0.0,272.1,0.0,34.3,0.0,1572.9999999999998,,,
2025-07-25 01:00:00+08:00,0.0,0.0,1292.5,0.0,0.0,0.0,0.0,0.0,0.0,268.1,0.0,33.0,18.7,1612.3,,,
2025-07-25 01:10:00+08:00,0.0,0.0,1234.6,0.0,0.0,0.0,0.0,0.0,0.0,258.8,0.0,35.8,0.0,1529.1999999999998,,,
2025-07-25 01:20:00+08:00,0.0,0.0,1266.0,0.0,0.0,0.0,0.0,0.0,0.0,252.5,0.0,34.3,21.9,1574.7,,,
2025-07-25 01:30:00+08:00,0.0,0.0,1216.2,0.0,0.0,0.0,0.0,0.0,0.0,243.10000000000002,0.0,34.8,0.0,1494.1000000000001,,,
2025-07-25 01:40:00+08:00,0.0,0.0,1211.2,0.0,0.0,0.0,0.0,0.0,0.0,218.3,0.0,34.2,0.0,1463.7,,,
2025-07-25 01:50:00+08:00,0.0,0.0,1166.3,0.0,0.0,0.0,0.0,0.0,0.0,197.1,0.0,36.4,0.0,1399.8,,,
2025-07-25 02:00:00+08:00,0.0,0.0,1131.2,0.0,0.0,0.0,0.0,0.0,0.0,191.6,0.0,37.6,0.0,1360.3999999999999,,,
2025-07-25 02:10:00+08:00,0.0,0.0,1149.8,0.0,0.0,0.0,0.0,0.0,0.0,175.20000000000002,0.0,36.7,0.0,1361.7,,,
2025-07-25 02:20:00+08:00,0.0,0.0,1233.6,0.0,0.0,0.0,0.0,0.0,0.0,160.7,0.0,35.5,38.1,1467.8999999999999,,,
2025-07-25 02:30:00+08:00,0.0,0.0,1151.3,0.0,0.0,0.0,0.0,0.0,0.0,158.9,0.0,36.9,0.0,1347.1000000000001,,,
2025-07-25 02:40:00+08:00,0.0,0.0,1140.1,0.0,0.0,0.0,0.0,0.0,0.0,135.60000000000002,0.0,37.2,0.0,1312.8999999999999,,,
2025-07-25 02:50:00+08:00,0.0,0.0,1156.2,0.0,0.0,0.0,0.0,0.0,0.0,130.2,0.0,36.3,0.0,1322.7,,,
2025-07-25 03:00:00+08:00,0.0,0.0,1169.4,0.0,0.0,0.0,0.0,0.0,0.0,142.60000000000002,0.0,36.6,0.7,1349.3,,,
2025-07-25 03:10:00+08:00,0.0,0.0,1194.6,0.0,0.0,0.0,0.0,0.0,0.0,151.2,0.0,33.3,10.8,1389.8999999999999,,,
2025-07-25 03:20:00+08:00,0.0,0.0,1129.9,0.0,0.0,0.0,0.0,0.0,0.0,166.1,0.0,33.2,0.0,1329.2,,,
2025-07-25 03:30:00+08:00,0.0,0.0,1122.7,0.0,0.0,0.0,0.0,0.0,0.0,153.7,0.0,34.1,0.0,1310.5,,,
2025-07-25 03:40:00+08:00,0.0,0.0,1163.1,0.0,0.0,0.0,0.0,0.0,0.0,175.10000000000002,0.0,33.6,0.0,1371.7999999999997,,,
2025-07-25 03:50:00+08:00,0.0,0.0,1119.4,0.0,0.0,0.0,0.0,0.0,0.0,212.39999999999998,0.0,35.8,0.0,1367.6000000000001,,,
2025-07-25 04:00:00+08:00,0.0,0.0,1156.7,0.0,0.0,0.0,0.0,0.0,0.0,202.3,0.0,33.8,0.0,1392.8,,,
2025-07-25 04:10:00+08:00,0.0,0.0,1211.7,0.0,0.0,0.0,0.0,0.0,0.0,205.5,0.0,33.7,0.0,1450.9,,,
2025-07-25 04:20:00+08:00,0.0,0.0,1212.5,0.0,0.0,0.0,0.0,0.0,0.0,203.8,0.0,33.4,0.0,1449.7,,,
2025-07-25 04:30:00+08:00,0.0,0.0,1186.9,0.0,0.0,0.0,0.0,0.0,0.0,190.9,0.0,36.3,0.0,1414.1000000000001,,,
2025-07-25 04:40:00+08:00,0.0,0.0,1171.8,0.0,0.0,0.0,0.0,0.0,0.0,237.7,0.0,33.9,0.0,1443.4,,,
2025-07-25 04:50:00+08:00,0.0,0.0,1188.7,0.0,0.0,0.0,0.0,0.0,0.0,260.7,0.0,30.2,0.0,1479.6000000000001,,,
2025-07-25 05:00:00+08:00,0.0,0.0,1180.3,0.0,0.0,0.0,0.0,0.0,0.0,245.5,35.16,28.6,0.0,1489.56,,,
2025-07-25 05:10:00+08:00,0.0,0.0,1168.0,0.0,0.0,0.0,0.0,0.0,0.0,254.8,35.16,30.6,7.1,1495.6599999999999,,,
2025-07-25 05:20:00+08:00,0.0,0.0,1117.9,0.0,0.0,0.0,0.0,0.0,0.0,281.0,35.16,32.8,0.0,1466.8600000000001,,,
2025-07-25 05:30:00+08:00,0.0,0.0,1130.9,0.0,0.0,0.0,0.0,0.0,0.0,384.8,35.16,33.5,0.0,1584.3600000000001,,,
2025-07-25 05:40:00+08:00,0.0,0.0,1145.8,0.0,0.0,0.0,0.0,0.0,0.0,460.40000000000003,35.748000000000005,32.7,0.0,1674.6480000000001,,,
2025-07-25 05:50:00+08:00,0.0,0.0,1202.5,0.0,0.0,0.0,0.0,0.0,0.0,522.5,46.017,34.3,0.0,1805.317,,,
2025-07-25 06:00:00+08:00,0.0,0.0,1205.5,0.0,0.0,0.0,0.0,0.0,0.0,544.9,146.334,34.5,0.0,1931.2340000000002,,,
2025-07-25 06:10:00+08:00,0.0,0.0,1224.0,0.0,0.0,0.0,0.0,0.0,0.0,557.6,249.8,35.0,0.0,2066.3999999999996,,,
2025-07-25 06:20:00+08:00,0.0,0.0,1197.1,0.0,0.0,0.0,0.0,0.0,0.0,586.1,382.945,35.2,0.0,2201.345,,,
2025-07-25 06:30:00+08:00,0.0,0.0,1175.8,0.0,0.0,0.0,0.0,0.0,0.0,620.2,522.761,35.9,0.0,2354.661,,,
2025-07-25 06:40:00+08:00,0.0,0.0,1177.9,0.0,0.0,0.0,0.0,0.0,0.0,651.1,744.062,33.8,0.0,2606.862,,,
2025-07-25 06:50:00+08:00,0.0,0.0,1226.3,0.0,0.0,0.0,0.0,0.0,0.0,610.0,999.5830000000001,36.5,0.0,2872.383,,,
2025-07-25 07:00:00+08:00,0.0,0.0,1262.5,0.0,0.0,0.0,0.0,0.0,0.0,602.9,1308.1770000000001,37.3,0.0,3210.8770000000004,,,
2025-07-25 07:10:00+08:00,0.0,0.0,1230.2,0.0,0.0,0.0,0.0,0.0,0.0,576.2,1578.834,35.0,0.0,3420.2340000000004,,,
2025-07-25 07:20:00+08:00,0.0,0.0,1226.9,0.0,0.0,0.0,0.0,0.0,0.0,493.7,1901.713,36.9,0.0,3659.213,,,
2025-07-25 07:30:00+08:00,0.0,0.0,1174.9,0.0,0.0,0.0,0.0,0.0,0.0,452.79999999999995,2329.3179999999998,36.3,0.0,3993.318,,,
2025-07-25 07:40:00+08:00,0.0,0.0,1286.4,0.0,0.0,0.0,0.0,0.0,0.0,448.9,2842.954,37.5,0.0,4615.754000000001,,,
2025-07-25 07:50:00+08:00,0.0,0.0,1312.0,0.0,0.0,0.0,0.0,0.0,0.0,484.70000000000005,3166.526,35.5,0.0,4998.726,,,
2025-07-25 08:00:00+08:00,0.0,0.0,1357.5,0.0,0.0,0.0,0.0,0.0,0.0,509.1,3401.522,35.9,0.0,5304.021999999999,,,
2025-07-25 08:10:00+08:00,0.0,0.0,1256.6,0.0,0.0,0.0,0.0,0.0,0.0,526.2,3721.903,41.7,0.0,5546.402999999999,,,
2025-07-25 08:20:00+08:00,0.0,0.0,1400.6,0.0,0.0,0.0,0.0,0.0,0.0,518.7,4006.403,40.0,0.0,5965.7029999999995,,,
2025-07-25 08:30:00+08:00,0.0,0.0,1334.2,0.0,0.0,0.0,0.0,0.0,0.0,535.6,4434.359,40.4,0.0,6344.559,,,
2025-07-25 08:40:00+08:00,0.0,0.0,1437.1,0.0,0.0,0.0,0.0,0.0,0.0,541.6,4860.3460000000005,39.3,0.0,6878.3460000000005,,,
2025-07-25 08:50:00+08:00,0.0,0.0,1513.4,0.0,0.0,0.0,0.0,0.0,0.0,500.6,5161.179,41.0,0.0,7216.179,,,
2025-07-25 09:00:00+08:00,0.0,0.0,1518.7,0.0,0.0,0.0,0.0,0.0,0.0,500.3,5526.988,41.2,0.0,7587.188,,,
2025-07-25 09:10:00+08:00,0.0,0.0,1489.8,0.0,0.0,0.0,0.0,0.0,0.0,453.9,5707.906,38.4,0.0,7690.005999999999,,,
2025-07-25 09:20:00+08:00,0.0,0.0,1593.7,0.0,0.0,0.0,0.0,0.0,0.0,420.5,5955.73,39.1,0.0,8009.03,,,
2025-07-25 09:30:00+08:00,0.0,0.0,1541.0,0.0,0.0,0.0,0.0,0.0,0.0,436.6,6016.793,36.6,0.0,8030.993,,,
2025-07-25 09:40:00+08:00,0.0,0.0,1531.0,0.0,0.0,0.0,0.0,0.0,0.0,474.7,6175.442,38.8,0.0,8219.942,,,
2025-07-25 09:50:00+08:00,0.0,0.0,1570.2,0.0,0.0,0.0,0.0,0.0,0.0,539.7,6129.301,38.2,0.0,8277.401000000002,,,
2025-07-25 10:00:00+08:00,0.0,0.0,1564.7,0.0,0.0,0.0,0.0,0.0,0.0,554.4,6351.28,41.1,0.0,8511.48,,,
2025-07-25 10:10:00+08:00,0.0,0.0,1509.0,0.0,0.0,0.0,0.0,0.0,0.0,457.9,6274.195,40.5,0.0,8281.595,,,
2025-07-25 10:20:00+08:00,0.0,0.0,1587.5,0.0,0.0,0.0,0.0,0.0,0.0,437.1,6441.825000000001,38.7,5.9,8511.025000000001,,,
2025-07-25 10:30:00+08:00,0.0,0.0,1618.1,0.0,0.0,0.0,0.0,0.0,0.0,483.9,6218.011,37.5,21.5,8379.011,,,
2025-07-25 10:40:00+08:00,0.0,0.0,1532.8,0.0,0.0,0.0,0.0,0.0,0.0,506.7,6331.888,35.6,0.0,8406.988,,,
2025-07-25 10:50:00+08:00,0.0,0.0,1542.4,0.0,0.0,0.0,0.0,0.0,0.0,473.40000000000003,6420.204000000001,34.0,0.0,8470.004,,,
2025-07-25 11:00:00+08:00,0.0,0.0,1550.3,0.0,0.0,0.0,0.0,0.0,0.0,454.0,6221.315,33.7,0.0,8259.315,,,
2025-07-25 11:10:00+08:00,0.0,0.0,1525.2,0.0,0.0,0.0,0.0,0.0,0.0,491.09999999999997,6499.519,32.9,0.0,8548.719,,,
2025-07-25 11:20:00+08:00,0.0,0.0,1482.2,0.0,0.0,0.0,0.0,0.0,0.0,529.8,6623.247,32.2,0.0,8667.447,,,
2025-07-25 11:30:00+08:00,0.0,0.0,1514.6,0.0,0.0,0.0,0.0,0.0,0.0,556.6,6665.916,30.6,0.0,8767.716,,,
2025-07-25 11:40:00+08:00,0.0,0.0,1514.2,0.0,0.0,0.0,0.0,0.0,0.0,569.1,6558.965,30.9,0.0,8673.164999999999,,,
2025-07-25 11:50:00+08:00,0.0,0.0,1510.3,0.0,0.0,0.0,0.0,0.0,0.0,571.3,6688.975,32.4,0.0,8802.975,,,
2025-07-25 12:00:00+08:00,0.0,0.0,1555.2,0.0,0.0,0.0,0.0,0.0,0.0,585.3,6813.99,31.9,0.0,8986.39,,,
2025-07-25 12:10:00+08:00,0.0,0.0,1522.1,0.0,0.0,0.0,0.0,0.0,0.0,603.4,6754.286999999999,31.9,0.0,8911.687,,,
2025-07-25 12:20:00+08:00,0.0,0.0,1540.8,0.0,0.0,0.0,0.0,0.0,0.0,600.8,6911.532,30.5,0.0,9083.632,,,
2025-07-25 12:30:00+08:00,0.0,0.0,1543.0,0.0,0.0,0.0,0.0,0.0,0.0,662.5,6917.458,32.7,0.0,9155.658,,,
2025-07-25 12:40:00+08:00,0.0,0.0,1547.8,0.0,0.0,0.0,0.0,0.0,0.0,671.4,6794.325,36.3,0.0,9049.824999999999,,,
2025-07-25 12:50:00+08:00,0.0,0.0,1494.7,0.0,0.0,0.0,0.0,0.0,0.0,684.1,6643.413,34.8,0.0,8857.012999999999,,,
2025-07-25 13:00:00+08:00,0.0,0.0,1530.8,0.0,0.0,0.0,0.0,0.0,0.0,623.4,6597.840999999999,35.4,0.0,8787.440999999999,,,
2025-07-25 13:10:00+08:00,0.0,0.0,1565.2,0.0,0.0,0.0,0.0,0.0,0.0,586.7,6320.518,34.5,0.0,8506.918,,,
2025-07-25 13:20:00+08:00,0.0,0.0,1447.0,0.0,0.0,0.0,0.0,0.0,0.0,585.8,6265.034000000001,32.0,0.0,8329.834,,,
2025-07-25 13:30:00+08:00,0.0,0.0,1570.6,0.0,0.0,0.0,0.0,0.0,0.0,632.9,6313.658,31.7,2.3,8551.158,,,
2025-07-25 13:40:00+08:00,0.0,0.0,1482.1,0.0,0.0,0.0,0.0,0.0,0.0,694.6,6000.526,30.5,0.0,8207.725999999999,,,
2025-07-25 13:50:00+08:00,0.0,0.0,1529.7,0.0,0.0,0.0,0.0,0.0,0.0,713.9,5789.046,30.4,2.7,8065.746,,,
2025-07-25 14:00:00+08:00,0.0,0.0,1456.2,0.0,0.0,0.0,0.0,0.0,0.0,756.6,5697.744000000001,30.2,6.3,7947.044000000001,,,
2025-07-25 14:10:00+08:00,0.0,0.0,1410.8,0.0,0.0,0.0,0.0,0.0,0.0,761.4,5611.21,28.7,0.0,7812.11,,,
2025-07-25 14:20:00+08:00,0.0,0.0,1471.1,0.0,0.0,0.0,0.0,0.0,0.0,766.5999999999999,5358.207,27.9,0.0,7623.807,,,
2025-07-25 14:30:00+08:00,0.0,0.0,1560.3,0.0,0.0,0.0,0.0,0.0,0.0,749.3,5060.106,32.2,0.0,7401.906,,,
2025-07-25 14:40:00+08:00,0.0,0.0,1530.9,0.0,0.0,0.0,0.0,0.0,0.0,734.3,4882.99,34.9,0.0,7183.089999999999,,,
2025-07-25 14:50:00+08:00,0.0,0.0,1516.0,0.0,0.0,0.0,0.0,0.0,0.0,733.3,4725.754,35.5,0.0,7010.554,,,
2025-07-25 15:00:00+08:00,0.0,0.0,1566.5,0.0,0.0,0.0,0.0,0.0,0.0,755.5,4473.872,36.1,18.3,6850.272000000001,,,
2025-07-25 15:10:00+08:00,0.0,0.0,1511.2,0.0,0.0,0.0,0.0,0.0,0.0,757.8000000000001,4425.776,35.7,52.8,6783.276,,,
2025-07-25 15:20:00+08:00,0.0,0.0,1521.2,0.0,0.0,0.0,0.0,0.0,0.0,734.9,4152.001,34.5,64.7,6507.301,,,
2025-07-25 15:30:00+08:00,0.0,0.0,1481.0,0.0,0.0,0.0,0.0,0.0,0.0,721.6999999999999,3745.0139999999997,36.9,54.7,6039.313999999999,,,
2025-07-25 15:40:00+08:00,0.0,0.0,1494.2,0.0,0.0,0.0,0.0,0.0,0.0,710.7,3681.183,33.6,46.5,5966.183000000001,,,
2025-07-25 15:50:00+08:00,0.0,0.0,1440.9,0.0,0.0,0.0,0.0,0.0,0.0,678.6,3338.977,34.5,55.9,5548.8769999999995,,,
2025-07-25 16:00:00+08:00,0.0,0.0,1437.9,0.0,0.0,0.0,0.0,0.0,0.0,673.8,3116.2580000000003,35.1,44.3,5307.358000000001,,,
2025-07-25 16:10:00+08:00,0.0,0.0,1441.6,0.0,0.0,0.0,0.0,0.0,0.0,660.4,2837.98,36.2,253.6,5229.78,,,
2025-07-25 16:20:00+08:00,0.0,0.0,1458.9,0.0,0.0,0.0,0.0,0.0,0.0,647.9,2649.82,37.8,261.9,5056.320000000001,,,
2025-07-25 16:30:00+08:00,0.0,0.0,1423.5,0.0,0.0,0.0,0.0,0.0,0.0,644.1,2425.632,38.9,238.5,4770.632,,,
2025-07-25 16:40:00+08:00,0.0,0.0,1428.9,0.0,0.0,0.0,0.0,0.0,0.0,613.9,2220.27,36.1,253.1,4552.27,,,
2025-07-25 16:50:00+08:00,0.0,0.0,1431.6,0.0,0.0,0.0,0.0,0.0,0.0,578.8000000000001,2005.726,37.9,248.2,4302.226000000001,,,
2025-07-25 17:00:00+08:00,0.0,0.0,1458.0,0.0,0.0,0.0,0.0,0.0,0.0,541.0,1687.2160000000001,38.6,230.7,3955.516,,,
2025-07-25 17:10:00+08:00,0.0,0.0,1415.0,0.0,0.0,0.0,0.0,0.0,0.0,500.5,1269.703,37.7,95.9,3318.803,,,
2025-07-25 17:20:00+08:00,0.0,0.0,1407.1,0.0,0.0,0.0,0.0,0.0,0.0,477.6,1096.358,38.0,100.7,3119.758,,,
2025-07-25 17:30:00+08:00,0.0,0.0,1402.9,0.0,0.0,0.0,0.0,0.0,0.0,441.5,934.918,38.4,100.1,2917.818,,,
2025-07-25 17:40:00+08:00,0.0,0.0,1407.7,0.0,0.0,0.0,0.0,0.0,0.0,459.90000000000003,763.9970000000001,38.6,95.0,2765.197,,,
2025-07-25 17:50:00+08:00,0.0,0.0,1409.6,0.0,0.0,0.0,0.0,0.0,0.0,470.20000000000005,605.53,39.9,97.5,2622.73,,,
2025-07-25 18:00:00+08:00,0.0,0.0,1405.4,0.0,0.0,0.0,0.0,0.0,0.0,486.8,480.202,41.3,96.8,2510.5020000000004,,,
2025-07-25 18:10:00+08:00,0.0,0.0,1412.7,0.0,0.0,0.0,0.0,0.0,0.0,482.0,371.59,38.6,282.9,2587.79,,,
2025-07-25 18:20:00+08:00,0.0,0.0,1400.8,0.0,0.0,0.0,0.0,0.0,0.0,397.40000000000003,291.457,40.5,291.8,2421.9570000000003,,,
2025-07-25 18:30:00+08:00,0.0,0.0,1651.4,0.0,0.0,0.0,0.0,0.0,0.0,407.1,234.15200000000002,38.8,281.1,2612.552,,,
2025-07-25 18:40:00+08:00,0.0,0.0,1685.8,0.0,0.0,0.0,0.0,0.0,0.0,395.7,145.65,37.8,285.9,2550.8500000000004,,,
2025-07-25 18:50:00+08:00,0.0,0.0,1660.3,0.0,0.0,0.0,0.0,0.0,0.0,410.4,83.071,39.3,294.2,2487.2709999999997,,,
2025-07-25 19:00:00+08:00,0.0,0.0,1746.0,0.0,0.0,0.0,0.0,0.0,0.0,386.9,0.0,38.4,287.8,2459.1000000000004,,,
2025-07-25 19:10:00+08:00,0.0,0.0,1637.4,0.0,0.0,0.0,0.0,0.0,0.0,391.6,0.0,37.4,198.2,2264.6,,,
2025-07-25 19:20:00+08:00,0.0,0.0,1679.7,0.0,0.0,0.0,0.0,0.0,0.0,391.5,0.0,37.6,204.9,2313.7,,,
2025-07-25 19:30:00+08:00,0.0,0.0,1672.0,0.0,0.0,0.0,0.0,0.0,0.0,372.3,0.0,34.3,187.5,2266.1,,,
2025-07-25 19:40:00+08:00,0.0,0.0,1644.9,0.0,0.0,0.0,0.0,0.0,0.0,367.6,0.0,37.3,188.9,2238.7000000000003,,,
2025-07-25 19:50:00+08:00,0.0,0.0,1634.0,0.0,0.0,0.0,0.0,0.0,0.0,367.3,0.0,37.2,194.8,2233.3,,,
2025-07-25 20:00:00+08:00,0.0,0.0,1675.5,0.0,0.0,0.0,0.0,0.0,0.0,359.8,0.0,37.8,186.4,2259.5,,,
2025-07-25 20:10:00+08:00,0.0,0.0,1616.1,0.0,0.0,0.0,0.0,0.0,0.0,340.5,0.0,39.5,0.0,1996.1,,,
2025-07-25 20:20:00+08:00,0.0,0.0,1611.0,0.0,0.0,0.0,0.0,0.0,0.0,350.6,0.0,38.1,0.0,1999.6999999999998,,,
2025-07-25 20:30:00+08:00,0.0,0.0,1603.3,0.0,0.0,0.0,0.0,0.0,0.0,361.5,0.0,39.9,0.0,2004.7,,,
2025-07-25 20:40:00+08:00,0.0,0.0,1600.5,0.0,0.0,0.0,0.0,0.0,0.0,355.8,0.0,38.3,0.0,1994.6,,,
2025-07-25 20:50:00+08:00,0.0,0.0,1601.9,0.0,0.0,0.0,0.0,0.0,0.0,333.2,0.0,37.5,0.0,1972.6000000000001,,,
2025-07-25 21:00:00+08:00,0.0,0.0,1601.8,0.0,0.0,0.0,0.0,0.0,0.0,333.2,0.0,38.5,0.0,1973.5,,,
2025-07-25 21:10:00+08:00,0.0,0.0,1593.6,0.0,0.0,0.0,0.0,0.0,0.0,293.2,0.0,36.3,0.0,1923.1,,,
2025-07-25 21:20:00+08:00,0.0,0.0,1599.0,0.0,0.0,0.0,0.0,0.0,0.0,280.8,0.0,36.3,0.0,1916.1,,,
2025-07-25 21:30:00+08:00,0.0,0.0,1604.0,0.0,0.0,0.0,0.0,0.0,0.0,251.0,0.0,36.3,0.0,1891.3,,,
2025-07-25 21:40:00+08:00,0.0,0.0,1621.0,0.0,0.0,0.0,0.0,0.0,0.0,233.6,0.0,36.2,0.0,1890.8,,,
2025-07-25 21:50:00+08:00,0.0,0.0,1598.5,0.0,0.0,0.0,0.0,0.0,0.0,216.6,0.0,35.9,0.0,1851.0,,,
2025-07-25 22:00:00+08:00,0.0,0.0,1601.5,0.0,0.0,0.0,0.0,0.0,0.0,207.2,0.0,36.5,0.0,1845.2,,,
2025-07-25 22:10:00+08:00,0.0,0.0,1607.4,0.0,0.0,0.0,0.0,0.0,0.0,182.2,0.0,35.9,1.5,1827.0000000000002,,,
2025-07-25 22:20:00+08:00,0.0,0.0,1579.1,0.0,0.0,0.0,0.0,0.0,0.0,159.2,0.0,35.6,0.0,1773.8999999999999,,,
2025-07-25 22:30:00+08:00,0.0,0.0,1550.2,0.0,0.0,0.0,0.0,0.0,0.0,133.0,0.0,37.8,0.0,1721.0,,,
2025-07-25 22:40:00+08:00,0.0,0.0,1570.3,0.0,0.0,0.0,0.0,0.0,0.0,100.4,0.0,36.8,0.0,1707.5,,,
2025-07-25 22:50:00+08:00,0.0,0.0,1572.3,0.0,0.0,0.0,0.0,0.0,0.0,91.89999999999999,0.0,35.6,2.5,1702.3,,,
2025-07-25 23:00:00+08:00,0.0,0.0,1504.4,0.0,0.0,0.0,0.0,0.0,0.0,95.2,0.0,36.1,0.0,1635.7,,,
2025-07-25 23:10:00+08:00,0.0,0.0,1524.2,0.0,0.0,0.0,0.0,0.0,0.0,98.9,0.0,34.7,0.0,1657.8000000000002,,,
2025-07-25 23:20:00+08:00,0.0,0.0,1587.5,0.0,0.0,0.0,0.0,0.0,0.0,117.3,0.0,32.2,4.7,1741.7,,,
2025-07-25 23:30:00+08:00,0.0,0.0,1564.0,0.0,0.0,0.0,0.0,0.0,0.0,147.5,0.0,33.5,0.0,1745.0,,,
2025-07-25 23:40:00+08:00,0.0,0.0,1539.9,0.0,0.0,0.0,0.0,0.0,0.0,162.89999999999998,0.0,32.9,0.0,1735.7000000000003,,,
2025-07-25 23:50:00+08:00,0.0,0.0,1537.6,0.0,0.0,0.0,0.0,0.0,0.0,140.2,0.0,33.2,0.0,1711.0,,,
2025-07-26 00:00:00+08:00,0.0,0.0,1517.1,0.0,0.0,0.0,0.0,0.0,0.0,109.1,0.0,32.0,0.0,1658.1999999999998,,,
2025-07-26 00:10:00+08:00,0.0,0.0,1501.2,0.0,0.0,0.0,0.0,0.0,0.0,82.7,0.0,30.9,19.4,1634.2000000000003,,,
2025-07-26 00:20:00+08:00,0.0,0.0,1403.0,0.0,0.0,0.0,0.0,0.0,0.0,59.4,0.0,31.9,2.5,1496.8000000000002,,,
2025-07-26 00:30:00+08:00,0.0,0.0,1345.7,0.0,0.0,0.0,0.0,0.0,0.0,37.7,0.0,31.8,0.0,1415.2,,,
2025-07-26 00:40:00+08:00,0.0,0.0,1283.6,0.0,0.0,0.0,0.0,0.0,0.0,29.200000000000003,0.0,31.2,0.0,1344.0,,,
2025-07-26 00:50:00+08:00,0.0,0.0,1227.5,0.0,0.0,0.0,0.0,0.0,0.0,24.599999999999998,0.0,31.1,6.7,1289.8999999999999,,,
2025-07-26 01:00:00+08:00,0.0,0.0,1232.2,0.0,0.0,0.0,0.0,0.0,0.0,26.4,0.0,30.5,0.0,1289.1000000000001,,,
2025-07-26 01:10:00+08:00,0.0,0.0,1213.6,0.0,0.0,0.0,0.0,0.0,0.0,25.8,0.0,32.5,0.0,1271.8999999999999,,,
2025-07-26 01:20:00+08:00,0.0,0.0,1259.9,0.0,0.0,0.0,0.0,0.0,0.0,22.6,0.0,32.0,9.4,1323.9,,,
2025-07-26 01:30:00+08:00,0.0,0.0,1138.7,0.0,0.0,0.0,0.0,0.0,0.0,25.200000000000003,0.0,31.2,0.0,1195.1000000000001,,,
2025-07-26 01:40:00+08:00,0.0,0.0,1139.2,0.0,0.0,0.0,0.0,0.0,0.0,30.5,0.0,31.0,0.0,1200.7,,,
2025-07-26 01:50:00+08:00,0.0,0.0,1095.3,0.0,0.0,0.0,0.0,0.0,0.0,62.4,0.0,31.5,0.0,1189.2,,,
2025-07-26 02:00:00+08:00,0.0,0.0,1117.1,0.0,0.0,0.0,0.0,0.0,0.0,108.3,0.0,31.8,0.0,1257.1999999999998,,,
2025-07-26 02:10:00+08:00,0.0,0.0,1106.6,0.0,0.0,0.0,0.0,0.0,0.0,120.5,0.0,31.7,0.0,1258.8,,,
2025-07-26 02:20:00+08:00,0.0,0.0,1168.2,0.0,0.0,0.0,0.0,0.0,0.0,132.20000000000002,0.0,29.0,0.0,1329.4,,,
2025-07-26 02:30:00+08:00,0.0,0.0,1153.5,0.0,0.0,0.0,0.0,0.0,0.0,135.20000000000002,0.0,29.2,0.0,1317.9,,,
2025-07-26 02:40:00+08:00,0.0,0.0,1108.2,0.0,0.0,0.0,0.0,0.0,0.0,117.7,0.0,29.0,0.0,1254.9,,,
2025-07-26 02:50:00+08:00,0.0,0.0,1107.5,0.0,0.0,0.0,0.0,0.0,0.0,94.19999999999999,0.0,29.9,0.0,1231.6000000000001,,,
2025-07-26 03:00:00+08:00,0.0,0.0,1140.1,0.0,0.0,0.0,0.0,0.0,0.0,108.0,0.0,30.6,7.6,1286.2999999999997,,,
2025-07-26 03:10:00+08:00,0.0,0.0,1158.5,0.0,0.0,0.0,0.0,0.0,0.0,122.3,0.0,31.3,1.6,1313.6999999999998,,,
2025-07-26 03:20:00+08:00,0.0,0.0,1124.4,0.0,0.0,0.0,0.0,0.0,0.0,140.8,0.0,29.5,2.3,1297.0,,,
2025-07-26 03:30:00+08:00,0.0,0.0,1170.1,0.0,0.0,0.0,0.0,0.0,0.0,156.2,0.0,29.8,13.7,1369.8,,,
2025-07-26 03:40:00+08:00,0.0,0.0,1135.1,0.0,0.0,0.0,0.0,0.0,0.0,175.6,0.0,27.8,0.0,1338.4999999999998,,,
2025-07-26 03:50:00+08:00,0.0,0.0,1174.7,0.0,0.0,0.0,0.0,0.0,0.0,199.3,0.0,29.0,4.5,1407.5,,,
2025-07-26 04:00:00+08:00,0.0,0.0,1153.9,0.0,0.0,0.0,0.0,0.0,0.0,174.8,0.0,30.1,0.0,1358.8,,,
2025-07-26 04:10:00+08:00,0.0,0.0,1183.1,0.0,0.0,0.0,0.0,0.0,0.0,164.9,0.0,30.6,19.9,1398.5,,,
2025-07-26 04:20:00+08:00,0.0,0.0,1119.8,0.0,0.0,0.0,0.0,0.0,0.0,152.6,0.0,29.7,0.0,1302.1,,,
2025-07-26 04:30:00+08:00,0.0,0.0,1120.8,0.0,0.0,0.0,0.0,0.0,0.0,136.2,0.0,30.2,0.0,1287.2,,,
2025-07-26 04:40:00+08:00,0.0,0.0,1126.1,0.0,0.0,0.0,0.0,0.0,0.0,111.9,0.0,31.1,0.0,1269.1,,,
2025-07-26 04:50:00+08:00,0.0,0.0,1121.2,0.0,0.0,0.0,0.0,0.0,0.0,103.3,0.0,31.2,0.0,1255.7,,,
2025-07-26 05:00:00+08:00,0.0,0.0,1104.1,0.0,0.0,0.0,0.0,0.0,0.0,98.5,34.778,29.9,0.0,1267.278,,,
2025-07-26 05:10:00+08:00,0.0,0.0,1119.7,0.0,0.0,0.0,0.0,0.0,0.0,82.6,34.778,29.3,0.0,1266.378,,,
2025-07-26 05:20:00+08:00,0.0,0.0,1114.3,0.0,0.0,0.0,0.0,0.0,0.0,102.8,34.778,30.9,0.0,1282.778,,,
2025-07-26 05:30:00+08:00,0.0,0.0,1101.4,0.0,0.0,0.0,0.0,0.0,0.0,109.5,34.778,32.0,0.0,1277.678,,,
2025-07-26 05:40:00+08:00,0.0,0.0,1129.8,0.0,0.0,0.0,0.0,0.0,0.0,133.20000000000002,34.784,31.3,0.0,1329.084,,,
2025-07-26 05:50:00+08:00,0.0,0.0,1114.5,0.0,0.0,0.0,0.0,0.0,0.0,120.0,35.748,32.2,0.0,1302.448,,,
2025-07-26 06:00:00+08:00,0.0,0.0,1171.9,0.0,0.0,0.0,0.0,0.0,0.0,98.0,47.461,35.1,0.0,1352.461,,,
2025-07-26 06:10:00+08:00,0.0,0.0,1179.1,0.0,0.0,0.0,0.0,0.0,0.0,97.8,92.936,31.5,0.0,1401.3359999999998,,,
2025-07-26 06:20:00+08:00,0.0,0.0,1111.1,0.0,0.0,0.0,0.0,0.0,0.0,107.10000000000001,149.066,32.5,0.0,1399.7659999999998,,,
2025-07-26 06:30:00+08:00,0.0,0.0,1135.2,0.0,0.0,0.0,0.0,0.0,0.0,122.89999999999999,203.52300000000002,33.2,0.0,1494.823,,,
2025-07-26 06:40:00+08:00,0.0,0.0,1145.0,0.0,0.0,0.0,0.0,0.0,0.0,149.5,268.575,32.5,0.0,1595.575,,,
2025-07-26 06:50:00+08:00,0.0,0.0,1141.8,0.0,0.0,0.0,0.0,0.0,0.0,165.79999999999998,369.034,30.1,0.0,1706.734,,,
2025-07-26 07:00:00+08:00,0.0,0.0,1099.5,0.0,0.0,0.0,0.0,0.0,0.0,178.1,483.277,31.6,0.0,1792.4769999999999,,,
2025-07-26 07:10:00+08:00,0.0,0.0,1070.5,0.0,0.0,0.0,0.0,0.0,0.0,194.4,617.646,33.6,0.0,1916.146,,,
2025-07-26 07:20:00+08:00,0.0,0.0,1025.4,0.0,0.0,0.0,0.0,0.0,0.0,207.9,797.7049999999999,35.7,0.0,2066.705,,,
2025-07-26 07:30:00+08:00,0.0,0.0,1097.4,0.0,0.0,0.0,0.0,0.0,0.0,211.9,945.365,36.0,0.0,2290.665,,,
2025-07-26 07:40:00+08:00,0.0,0.0,1059.1,0.0,0.0,0.0,0.0,0.0,0.0,197.1,1082.041,35.0,0.0,2373.241,,,
2025-07-26 07:50:00+08:00,0.0,0.0,1080.3,0.0,0.0,0.0,0.0,0.0,0.0,176.5,1232.759,34.9,0.0,2524.4590000000003,,,
2025-07-26 08:00:00+08:00,0.0,0.0,1102.4,0.0,0.0,0.0,0.0,0.0,0.0,190.1,1422.4950000000001,33.0,0.0,2747.995,,,
2025-07-26 08:10:00+08:00,0.0,0.0,1094.5,0.0,0.0,0.0,0.0,0.0,0.0,202.4,1600.855,29.8,0.0,2927.5550000000003,,,
2025-07-26 08:20:00+08:00,0.0,0.0,1117.7,0.0,0.0,0.0,0.0,0.0,0.0,228.0,1728.315,26.7,0.0,3100.715,,,
2025-07-26 08:30:00+08:00,0.0,0.0,1062.4,0.0,0.0,0.0,0.0,0.0,0.0,257.9,1943.701,25.8,0.0,3289.8010000000004,,,
2025-07-26 08:40:00+08:00,0.0,0.0,988.4,0.0,0.0,0.0,0.0,0.0,0.0,286.7,2118.8940000000002,25.8,0.0,3419.7940000000003,,,
2025-07-26 08:50:00+08:00,0.0,0.0,952.5,0.0,0.0,0.0,0.0,0.0,0.0,343.6,2179.0879999999997,27.1,0.0,3502.2879999999996,,,
2025-07-26 09:00:00+08:00,0.0,0.0,1039.3,0.0,0.0,0.0,0.0,0.0,0.0,342.9,2383.099,30.3,0.0,3795.599,,,
2025-07-26 09:10:00+08:00,0.0,0.0,987.4,0.0,0.0,0.0,0.0,0.0,0.0,340.1,2660.0649999999996,31.0,0.0,4018.5649999999996,,,
2025-07-26 09:20:00+08:00,0.0,0.0,918.5,0.0,0.0,0.0,0.0,0.0,0.0,320.1,2735.409,31.4,0.0,4005.409,,,
2025-07-26 09:30:00+08:00,0.0,0.0,983.8,0.0,0.0,0.0,0.0,0.0,0.0,300.8,2841.616,32.9,0.0,4159.116,,,
2025-07-26 09:40:00+08:00,0.0,0.0,906.0,0.0,0.0,0.0,0.0,0.0,0.0,315.9,2907.831,31.3,0.0,4161.031,,,
2025-07-26 09:50:00+08:00,0.0,0.0,928.3,0.0,0.0,0.0,0.0,0.0,0.0,313.1,2975.674,30.9,0.0,4247.974,,,
